Hour,Month,WindSpeed,WindDir,Rain,Power
21,5,0.4,E,0,-0.5
10,6,4.9,NNW,0,72.3
20,1,0.9,SE,0,65.6
7,9,0,---,0,102.2
19,2,1.8,SW,0,84.2
10,3,2.2,WSW,0,47.3
0,7,7.2,ENE,0,108.7
16,1,2.7,W,0,28.2
4,6,0.9,N,0,12.2
18,1,2.7,SW,0,101.8
10,11,1.8,SSE,0,46.5
0,6,0,W,0,79.9
14,7,1.3,SW,0,42.3
0,11,0.4,ENE,0,0.4
9,1,4.5,ENE,0,62.2
22,5,1.3,NW,0,19.6
11,3,1.3,NE,0,0.1
4,7,1.3,E,0,36
12,1,0.9,WSW,0,6.9
20,2,1.8,SW,0,29.1
17,10,4.5,WNW,0,74.8
1,7,1.3,E,0,87.9
22,8,2.2,W,0,107.8
6,4,2.7,ENE,0,41.2
7,4,2.2,ENE,0,70.5
14,11,3.6,NW,0,36
9,12,4,NNW,0,59.1
8,8,0.4,WSW,0,34.5
2,11,2.2,ENE,0,42.7
12,8,3.6,SW,0,33
19,12,1.3,SE,0,24.8
4,12,0,---,0,95.9
21,3,0,ENE,0,19.6
12,12,0.9,WSW,0,-0.7
22,10,0.9,ESE,0,23.4
9,11,2.7,NE,0,15.9
5,2,0,---,0,60.6
11,1,3.1,NW,0,19.7
19,11,3.1,SSE,0,68.4
3,3,0,---,0,35.8
13,1,1.3,NE,0,-1
20,9,0,---,0,33.5
17,6,1.8,NW,0,21.8
7,3,0,---,0,98.8
13,10,2.7,SSE,0,52.6
11,1,1.8,ENE,0,5.6
12,2,1.8,E,0,32.2
20,10,0,---,0,1.2
7,2,0,---,0,47.6
17,8,2.2,SW,1.2,79.7
1,1,2.2,E,0,67.9
18,7,0,---,0,0.1
17,8,0.4,WSW,0,46.7
18,12,4,NNW,0,39.1
13,3,0,---,0,17
22,12,0,---,0,72.8
3,1,4,ENE,0,76.4
0,8,4,ENE,0,69.8
13,5,0.4,E,0,0.2
19,11,1.8,W,0,104.7
4,2,2.2,NE,0,11.4
12,2,0,---,0,12.5
23,8,2.7,NNW,0,45.7
6,5,0,WSW,0,-0.5
5,9,0.9,NE,0,-0.2
0,12,0,---,0,49.3
3,7,0,---,0,87.3
7,5,1.3,NW,0,44.4
0,5,2.7,NE,0,70.5
20,10,0,NE,0,3.2
0,2,1.3,E,0,59.9
20,2,1.8,SW,0,91.9
11,6,0,---,0,59.9
14,6,1.3,WSW,0,16.5
21,4,2.2,NNE,0,33.5
6,11,3.1,NNE,0,94.7
2,9,0,WSW,0,43.9
11,9,1.8,SW,0,34.5
23,4,3.6,NW,0,53.9
16,2,0,---,0,19.5
3,5,2.7,NE,0,32
5,10,0.4,SW,0,7.3
21,1,2.2,NE,0,24.3
22,9,3.6,NNW,0,78.8
0,6,0.4,NNW,0,7.5
10,7,0.9,NW,0,7.2
11,8,1.8,WSW,0,45.2
21,6,4.5,N,0,82.7
3,4,0.4,NE,0,6.8
16,6,0.9,NE,0,3.8
4,5,2.7,ENE,0,23.3
3,9,0,---,0,28.5
23,2,1.8,NE,0,16.9
1,12,0,---,0,41.3
0,3,0,---,0,1
4,5,1.3,NNW,0,14.8
1,4,2.7,ENE,0,53.7
8,8,2.7,NNW,0,56.3
20,5,2.2,NE,0,19.2
10,11,2.2,NE,0,34.9
2,1,3.6,ENE,0,78.9
14,11,2.7,W,0,62.2
8,12,3.6,NE,0,32.7
1,10,0.9,SW,0,66.2
23,6,0.4,SSE,0,60.7
13,3,1.3,NE,0,1.5
1,3,0.9,NE,0,26.2
0,5,0,---,0,19.9
12,5,6.3,WNW,0,87.8
21,11,0,SSW,0,67.4
15,10,0.9,NW,0,1
22,2,0,---,0,57.2
9,8,0.4,E,0,5.9
10,4,2.2,NE,0,19.1
1,2,2.7,E,0,39.2
12,8,1.8,NNE,0,33.8
16,4,1.8,SSE,0,11.5
17,3,1.3,SW,0,30.9
17,5,0,---,0,5
1,1,1.8,SSE,0,41.7
6,1,4.9,ENE,0,85.1
9,7,4.9,NW,0,82.7
21,11,0,SSW,0,67.4
12,5,0.9,WSW,0,6.7
3,11,5.4,ENE,0,96.2
8,12,4.5,NE,0,67.5
18,12,1.3,SE,0,4.7
9,7,4,ENE,0,89.4
0,8,0.4,WSW,0,0
11,7,2.7,ENE,0,36.3
7,11,2.2,SW,1,85.8
23,5,3.1,NW,0,104
8,8,0.4,WSW,0,108.9
7,10,2.2,NNW,0,24.2
23,4,0.4,ENE,0,15.6
6,2,2.2,NNE,0,68.6
11,2,0,---,0,50.6
14,12,1.8,SSE,0,16.3
4,4,3.1,ENE,0,38.7
19,6,0.9,NNE,0,6.1
23,4,3.6,WNW,0,50.5
14,3,2.7,SW,0,81.3
1,12,1.8,SW,0,85.8
8,10,1.8,ENE,0,25.2
9,12,3.6,NE,0,33.7
15,12,0.9,W,0,-0.4
15,8,0.9,WSW,0,19.9
22,2,0.9,SW,0,85.8
19,9,0,---,0,58.6
3,5,2.7,ENE,0,38.8
15,6,0.9,ENE,0,-0.1
7,8,1.3,SE,0,18.9
0,11,0,ENE,0,-0.3
14,8,3.6,NNW,0,24.5
12,8,0.4,SSE,0,-0.2
7,10,0,---,0,62.1
0,4,1.3,S,0,59.4
20,8,0.9,ENE,0,5.7
22,12,0.4,SSE,0,15.4
11,8,0.4,WSW,0,0
10,4,2.2,NNW,0,5.4
1,4,1.3,SW,0,91.9
20,8,0.4,SW,0,72.3
8,1,2.2,E,0,88.8
5,8,0.4,W,0,84.6
16,4,1.8,NNE,0,10.1
17,4,2.2,W,0,93.7
1,1,0.9,SE,0,22.5
0,11,0,---,0,12.1
13,7,3.1,NNW,0,71.5
14,10,0.9,WNW,0,-0.4
21,1,1.3,SSE,0,21.4
23,9,0,---,0,80.1
7,9,0,---,0,6.7
9,11,0.9,SW,0,-0.7
1,4,2.7,ENE,0,48.3
2,3,0,---,0,75.4
13,1,1.3,NW,0,-0.3
17,11,0.9,NW,0,1.2
6,8,3.6,NE,0,76.6
9,9,3.6,NNE,0,99.5
23,10,0.9,E,0,5.4
4,11,0.4,NW,0,1
6,10,2.7,ENE,0,27.9
22,5,0.4,SW,0,31
21,5,2.2,W,0.6,98.5
13,3,0,---,0,11.3
1,2,0,---,0,8.2
20,2,1.3,SW,0,39
5,2,2.7,E,0,83.6
7,8,2.7,SW,0,106.8
1,5,1.3,NW,0,32.9
22,2,0,E,0,25.6
10,2,2.2,NE,0,2.1
13,2,2.2,SE,0,31.2
1,3,3.6,E,0,105.4
23,10,3.1,NNE,0,84.1
11,3,2.7,SW,0,78.6
15,3,0,---,0,12.4
0,2,0.4,E,0,20.7
21,12,0,---,0,26.4
11,1,1.8,SSE,0,9.8
9,3,0.4,SSE,0,-0.1
23,3,0,---,0,20.1
3,10,0,ESE,0,61.7
21,6,0,---,0,46.5
6,10,1.3,NNW,0,30.3
12,9,1.8,SW,0,36.8
17,6,1.8,NNE,0,79.7
3,11,2.2,NW,0,65.3
4,10,9.4,NE,0,101.6
6,10,2.7,ENE,0,27.9
6,12,1.3,E,0,26.6
8,6,4,NW,0,77.3
3,5,3.6,WSW,0,108.7
13,1,0.9,SSE,0,2.9
12,1,1.3,ENE,0,1.3
18,2,1.8,SW,0,44
23,12,0,---,0,9
7,9,0,---,0,98.9
0,8,0.4,WSW,0,0
3,9,0.9,E,0,50.8
6,2,0.4,NE,0,60.7
19,4,1.3,SSE,0,18
12,9,0.9,E,0,6.5
6,2,0.9,SW,0,22.2
0,1,0.4,SSE,0,10.6
13,5,0.9,WSW,0,6.6
6,1,2.2,ENE,0,46.3
17,2,1.3,SW,0,31.4
18,2,0,---,0,45.9
13,10,0,---,0,80.8
4,1,3.6,NE,0,77.5
5,6,0.4,NE,0,1.1
6,7,0,WSW,0,43.5
0,12,1.3,ENE,0,26.4
18,5,0.4,S,0,6.8
20,4,1.8,ENE,0,21.8
12,8,0.4,NNE,0,0.9
2,2,0.4,WSW,0,7.7
19,7,2.2,NNE,0.4,37.6
19,2,4,SSE,0,94.9
8,3,0,SE,0,13.9
3,9,3.1,ENE,0,64.4
4,3,0.4,WSW,0,88
18,4,0.9,NNE,0,16.4
9,6,1.3,SSE,0,16.5
17,4,2.7,SW,0,63.8
23,10,0,---,0,22.1
7,6,0.9,NNE,0,20.1
23,5,0,S,0,29.3
3,5,0,SW,0,3.2
16,3,0,---,0,38.5
22,1,0.4,E,0,6.1
12,6,0,---,0,0.3
9,12,0.9,NE,0,63.9
10,10,2.7,NNW,0,19.1
11,4,1.3,SE,0,24.8
3,5,0.4,SSE,0,14.1
4,10,0,NNE,0,-0.3
20,5,2.7,W,0,100.2
11,8,0.9,SSE,0,-0.3
22,4,0.9,S,0,62.8
15,11,2.7,SW,0,83.7
19,1,2.2,SSE,0,41.7
1,5,2.7,ENE,0,49.3
7,8,1.3,WSW,0,108.4
13,6,1.3,NW,0,1.3
3,6,0.4,SE,0,14.4
14,5,1.3,WSW,0,12.4
1,8,2.7,ENE,0,40.1
15,3,1.3,SW,0,20.4
22,5,0,WSW,0,3.8
1,6,0,ENE,0,9.7
0,5,2.2,WSW,0,92.4
2,7,3.1,N,0,87.3
15,5,1.3,SSE,0,1
5,2,0,---,0,87.5
3,8,3.6,NNW,0,92.6
12,2,4,SW,0,99.8
20,7,2.7,W,0,79
23,1,1.3,E,0,44.5
17,1,2.2,SSE,0,59.5
8,10,2.7,NE,0,62.2
8,7,1.3,E,0,35.7
17,3,1.3,SW,0,20.9
3,8,1.8,WSW,0,106.7
23,1,1.3,ENE,0,14
14,1,1.3,WNW,0,3.1
13,4,3.1,W,0,96.5
3,3,0,---,0,34.7
23,5,1.3,NNW,0,15
15,8,1.8,WSW,0,74.1
8,10,4.5,NW,0,56.4
7,11,0.4,ENE,0,-0.4
4,3,1.3,NNW,0,27.1
5,1,0,SE,0,32.2
6,4,3.6,NNE,0,91.8
16,6,1.8,NW,0,50.8
3,2,3.1,E,0,96
10,1,1.3,SW,0,72.5
10,2,0,---,0,-0.8
19,3,0,---,0.2,51.2
21,4,0.9,ESE,0,14.5
0,6,0.9,ENE,0,2.1
16,4,2.7,NE,0,8.2
19,12,4,WNW,0,23.7
14,8,0.4,E,0,1.2
7,5,2.2,NNW,0,29.6
7,11,1.3,SW,0,39.3
9,4,0.4,SW,0,1.8
12,11,1.8,W,0,1.7
6,12,5.4,NNE,0,83.8
7,5,0.4,NNW,0,63
8,8,0.4,WSW,0,0
5,3,0.4,ENE,0,-0.7
0,6,0.9,NNW,0,8.1
7,11,1.3,SSE,0,19
13,10,4.5,WNW,0,65.3
13,6,3.1,NW,0,29.2
2,4,2.7,NE,0,68.9
8,12,0.4,W,0,38.5
6,5,0,---,0,22.4
19,4,0.4,SW,0,62.6
14,12,0.9,SW,0,1.8
17,1,0.9,E,0,16.7
21,12,2.2,SSE,0,56.1
16,7,0.4,WSW,0,9.1
12,8,2.7,WSW,0,87.4
13,4,0.9,SSE,0,0.3
6,12,0,---,0,48.6
22,7,0.4,ENE,0,90.6
10,6,2.7,NNW,0,31.2
16,11,2.7,SSE,0,65.4
20,7,1.8,W,0,55.3
1,9,1.3,ENE,0,0.3
11,2,0,---,0,1.7
10,2,4.5,ENE,0,89.3
16,6,1.3,WNW,0,9.7
19,8,2.7,NE,0,45.2
20,4,3.1,NNW,0,53.5
5,3,1.8,NW,0,12.4
0,6,0.4,SE,0,44.7
5,4,0.4,ENE,0,2
20,1,3.6,SSE,0,86.5
22,11,0,E,0,15.5
10,11,3.6,NE,0,25.4
18,3,2.7,SSE,0,40.7
22,11,0.4,S,0,74.2
2,10,2.2,NNE,0,88.6
12,7,2.2,SSE,0,6.1
16,10,1.3,W,0,2.3
16,3,3.1,SE,0,61.1
17,1,1.8,E,0,25.3
16,6,8,NW,0,73.9
14,11,1.3,SW,0,19.9
14,5,1.3,W,0,20.6
21,11,2.7,W,0,102.8
22,6,5.8,NNW,0,72.2
15,11,4,WNW,0,37.7
18,2,3.1,SSE,0,95.8
6,9,0,---,0,9.2
13,5,1.8,WSW,0,69.3
5,10,2.7,ENE,0,17.4
23,8,3.1,NNW,0,50.7
21,2,0.4,ENE,0,-0.8
3,4,0.9,NNE,0,10.6
10,1,2.2,NE,0,10.7
23,8,0.4,WSW,0,57.3
23,11,0.4,ENE,0.2,15.3
5,7,3.1,NE,0,52.5
12,11,1.3,W,0,1.7
15,10,0.9,SW,0,0.4
18,2,1.8,SE,0,48.8
8,10,0.9,NNW,0,1.3
1,10,0,---,0,3.4
23,11,1.3,SE,0,35
14,4,0.9,SE,0,1.6
16,3,2.2,W,0,23.5
7,3,0.4,SSE,0,12.7
20,1,2.2,E,0,38.1
17,7,1.3,NW,0,28.6
19,3,0,W,0,-0.4
20,6,4,NNE,0,69
15,4,3.6,NNW,0,46.5
18,11,0.9,SW,0,72.4
13,11,2.2,W,0,44.6
7,9,3.6,SW,0,99.8
11,8,0.9,NW,0,-0.7
3,10,0.9,SW,0,84.3
23,12,0,---,0,73.8
10,12,1.8,SE,0,19.8
7,4,0,N,0,-0.1
7,12,4.9,ENE,0,86.7
15,6,4,NW,0,23.3
0,3,0,---,0,39
16,5,1.8,NE,0,7.6
22,5,0,---,0,24.3
1,6,1.3,NNW,0,12.3
14,12,0.9,E,0,10.2
2,2,2.7,NE,0,53.3
7,7,3.1,NNW,0,82.8
19,3,0,---,0,6.5
8,4,3.6,NNW,0,70
23,4,0.4,ENE,0,1.7
4,10,9.4,NE,0,101.6
20,4,2.2,NE,0,45.6
0,2,1.3,S,0,32.7
22,12,0,---,0,5.8
18,6,3.6,NNE,0,74.6
0,9,4.5,NNW,0,77.8
19,5,0.4,W,0,26.8
16,8,0.9,W,0,-0.6
22,4,0.9,E,0,21.6
23,4,3.6,ENE,0,30.5
9,1,3.1,ENE,0,13.8
10,11,3.6,NNW,0,50.8
22,12,0,---,0,12.9
9,12,2.7,NE,0,12.8
2,4,3.6,NE,0,86.8
18,2,3.1,SW,0,108.8
22,1,1.3,SE,0,87.4
3,3,1.3,NW,0,23.9
11,4,3.1,W,0,69.2
9,2,1.3,SW,0,67.1
13,1,1.3,NW,0,4.9
12,9,1.3,WSW,0,20.1
22,12,3.1,E,0,72.6
21,2,1.3,SSE,0,23.8
10,6,1.3,NE,0,41.9
12,1,2.2,WNW,0,3.3
18,5,0,ENE,0,-0.7
5,1,4,ENE,0,76.5
18,6,0.4,NE,0,16.6
6,4,1.8,NE,0,29.8
14,2,0.9,WNW,0,4
15,10,1.8,SSE,0,37.5
7,7,3.6,WSW,0,75.2
2,7,0,W,0,15.5
6,6,1.3,NW,0,9.8
17,1,1.3,WNW,0,9.6
4,4,3.1,ENE,0,47.2
4,2,1.3,SSE,0,60.9
0,12,0.4,SSE,0,45.4
6,3,2.7,ENE,0,27.1
15,12,1.8,SSE,0,52.9
10,5,0.9,SE,0,12.4
21,10,0.9,SW,0,87.6
7,12,1.8,SSE,0,78.8
10,12,2.7,ENE,0,20.4
21,12,0,---,0,46.6
2,12,0,---,0,5.1
2,5,0,---,0,43.4
5,1,0.4,SSE,0,62.8
21,10,3.6,NE,0,108.8
16,6,2.2,NE,0,57.2
9,11,0.4,SW,0,5.4
8,9,1.3,W,0,20.6
0,3,1.8,SW,0,93.4
8,7,0,NW,0,6.5
10,5,2.2,WNW,0,22.2
23,8,0.4,WSW,0,49.5
3,5,0,---,0,3.5
8,2,4,NNW,0,33.8
4,4,2.7,NW,0,70.6
16,12,0.4,SSE,0,0
9,1,5.4,ENE,0,86.2
21,1,0,ENE,0,10.6
17,3,1.8,SW,0,31.1
19,6,3.1,ENE,0,45.1
1,2,0,NE,0,61
2,4,1.3,S,0,39.7
4,6,1.8,WNW,0,72.9
8,9,1.8,E,0,24.7
4,7,5.4,NE,0,85
6,12,0,---,0,38.3
21,6,0.9,SSE,0,55.9
5,3,0,---,0,67.7
0,1,2.2,ENE,0,67.8
5,2,0,---,0,80.4
5,8,3.6,NE,0,82.6
5,5,2.7,NNE,0,74.5
4,11,3.1,NE,0,55.8
7,9,1.3,E,0,18.4
3,9,3.6,NNW,0,82.8
10,3,4,NE,0,44.2
8,6,1.3,NW,0,9.8
17,8,0.4,WSW,0,0
10,7,0.9,WSW,0,32.2
1,11,4.9,NNW,0,108.7
8,11,0.9,SSE,0,40.1
9,8,3.1,NNE,0,91.8
20,2,0,---,0,2.4
23,6,2.2,WNW,0,65.5
14,9,3.6,NNE,0,76.9
22,5,1.3,NW,0,19.6
2,12,0,---,0,92.1
2,1,2.2,ENE,0,79
8,9,0.4,SSE,0,1.7
8,10,0,ENE,0,0.2
2,7,0.9,SW,0,85.5
15,6,1.8,NNW,0,14.7
5,8,1.3,WSW,0,89
16,4,2.2,NNE,0,13
12,5,3.1,NNW,0,33
15,2,1.3,NNW,0,0.5
18,2,1.3,SW,0,31.4
23,12,0.4,SSE,0,15.9
5,11,0,---,0,12.8
6,4,3.6,NE,0,97
21,9,0,---,0,27.9
8,8,0.4,WSW,0,0
5,12,0,---,0,100.6
7,6,5.8,NE,0,108.8
11,12,5.4,NW,0,85.4
1,1,3.6,ENE,0,86.9
6,1,4.5,E,0,106.8
21,2,0,---,0,-0.6
0,5,3.1,ENE,0,50.8
4,11,2.7,NE,0,91.9
17,8,6.3,W,0,105.5
12,1,4,WNW,0,83.6
10,6,1.8,NNE,0,72.3
19,5,2.2,W,0,100.1
3,1,4,ENE,0,66.4
5,4,5.4,E,0,109
2,2,0,SSE,0,27.3
14,4,2.2,NE,0,18
17,9,0.4,SSE,0,0
17,5,1.8,NW,0,58.1
3,5,3.6,NW,0,108.9
5,10,4.9,ENE,0,93.3
13,3,0,---,0,4.6
4,1,2.7,NNE,0,72.7
9,6,2.2,NW,0,8.7
19,7,0,---,0,16.4
0,7,3.6,W,0,73.1
19,10,3.1,SSE,0,64.9
0,5,0.4,WSW,0,73.3
19,3,0,---,0,27.7
13,3,1.8,SSE,0,24.9
8,2,3.1,ENE,0,73.8
23,3,0.9,SW,0,78.5
5,5,3.1,ENE,0,56.4
13,12,4.9,WNW,0,81
16,3,0,W,0,8.9
8,5,3.6,NW,0,48.9
12,9,1.8,WSW,0,24.9
12,11,2.2,W,0,4.5
23,2,2.2,SSE,0,64.2
11,6,2.7,NNE,0,95.9
21,9,2.7,ENE,0,51.7
10,2,0,---,0,90.6
8,10,4,ENE,0,84.9
0,9,0,---,0,81.6
9,12,0.9,WSW,0,20.5
10,7,0.9,WSW,0,41.1
16,4,0.9,W,0,0.4
1,6,0,SSE,0,10
15,8,0.4,WNW,0,-0.8
16,5,2.2,SW,0,108.2
2,9,3.6,ENE,0,67
6,7,0.4,NNW,0,36.8
10,7,3.6,NE,0,104.3
14,8,5.4,NW,0,81.4
6,1,2.7,ENE,0,49
9,9,2.2,NNW,0,33.6
2,10,0.4,NW,0,3.9
16,12,1.8,SE,0,16.6
12,6,0.9,SE,0,10.4
8,9,0,W,0,2.6
15,9,1.3,SSE,0,1.7
1,5,2.7,WSW,0,108.7
17,8,3.1,SW,0.2,18.1
18,6,1.8,W,0,70.9
19,8,0.4,WSW,0,54.4
14,12,0.9,E,0,-0.4
1,5,0,---,0,23
22,3,0,---,0,33.6
17,9,0.9,E,0,3.8
17,7,1.8,W,0,39.2
10,6,0,---,0,36.5
6,8,0,S,0,73.6
3,10,0,E,0,70.8
12,11,0.9,WSW,0,1.8
14,2,1.3,WSW,0,14.5
23,10,0,SE,0,0.1
3,4,0.9,ESE,0,41.1
2,1,4.9,NE,0,107.3
11,6,2.7,WNW,0,23.7
7,7,0,NNE,0,12.4
0,4,3.6,ENE,0,58.4
21,9,0,---,0,22.2
20,7,0,---,0,7.6
22,8,0.4,SW,0,64.8
23,2,0,---,0,68
23,4,2.7,NE,0,74.4
23,3,0.4,NE,0,1.9
20,6,0.4,NNE,0,4.2
22,12,0,---,0,72.2
14,6,3.6,NW,0,26.7
1,2,0.4,E,0,15.6
1,6,0,NE,0,5.4
0,9,0.4,E,0,60.2
12,5,2.7,W,0,66.8
9,7,2.2,NNW,0,15.2
22,7,2.7,NNW,0,55.1
3,8,2.7,W,0.2,83.8
22,2,0,SSE,0,22.3
22,6,0.4,NW,0,16.2
22,4,0,NE,0,26.8
12,6,4.9,NNW,0,69.8
4,11,2.2,WNW,0,46.6
0,1,0.4,SSE,0,10.6
0,5,3.1,NNW,0,70.3
2,10,0,NE,0,9.6
23,6,1.8,NNE,0,73.8
8,5,0.4,ENE,0,53.7
2,2,3.1,ENE,0,71.1
1,3,0,---,0,-0.1
0,8,4,ENE,0,68
20,7,0.4,E,0,25.9
19,2,1.8,SW,0,100.3
14,10,1.8,SW,0,54.6
17,8,0.4,WSW,0,0
20,7,0,---,0,29.9
9,2,3.6,SSE,0,67.1
9,8,4,NW,0,84.8
15,12,1.3,E,0,-0.2
12,12,1.3,W,0,0
11,5,7.6,W,0,103.1
7,12,2.2,NE,0,14.4
15,5,0.4,SSE,0,-0.4
12,11,1.8,W,0,23.7
3,11,1.3,NNW,0,37.6
7,6,0,WNW,0,55.8
22,8,0,---,0,30.6
15,7,2.2,NNE,0,64.1
20,6,0.4,N,0,6.2
6,4,0,SSE,0,25.7
11,11,0.9,SSE,0,1.3
6,10,0,---,0,58.4
6,1,2.7,ENE,0,56.8
13,9,1.3,SW,0,3.7
10,5,2.7,NW,0,14.4
17,4,1.8,SSE,0,11.5
9,4,0.9,SW,0,20.5
9,2,0.4,W,0,4.2
22,7,0.9,E,0,68.7
12,12,6.7,NW,0,78.6
19,4,0.4,SSE,0,21.4
1,2,1.8,NE,0,38.6
17,1,0.9,E,0,7.4
12,9,3.6,N,0,107.2
17,9,0,S,0,-0.7
14,2,0,---,0,8.6
19,2,1.8,SW,0,29.5
23,10,0.9,E,0,16.7
2,11,3.1,NE,0,20.6
17,7,0,WSW,0,25.6
20,11,1.3,SSE,0,53.9
9,5,0.4,WSW,0,1.8
4,4,3.1,NNE,0,86
13,7,3.1,WSW,0.2,72.4
6,11,0.9,SW,0,43.4
8,1,4.5,NE,0,103.5
23,6,0,---,0,1.7
0,12,0,---,0,107.8
17,11,2.2,NE,0,13
11,6,2.2,NNW,0,7.8
10,10,1.3,WNW,0,2.7
12,10,1.8,WNW,0,1.5
1,5,3.1,NNW,0,109
17,3,1.8,SW,0,33.6
12,8,3.6,SW,0,31.8
18,8,4.5,W,0,108
3,1,4,ENE,0,80.4
6,12,2.2,NE,0,40.8
23,8,0.4,WSW,0,74.5
20,8,3.1,N,0,92.2
10,5,1.3,SE,0,13.2
11,3,2.7,SW,0,78.6
13,6,0,---,0,18.1
0,12,1.8,SW,0,80.8
11,6,1.8,SSE,0,19.3
10,3,3.1,WSW,0,85.9
9,1,5.8,ENE,0,84.9
16,5,7.2,NW,0,82.5
19,6,1.8,NW,0,26.7
20,4,0.9,SE,0,21.5
18,2,2.2,SW,0,108.7
17,6,1.3,NNE,0,80.6
15,6,8,NW,0,73.6
3,1,4.9,NNE,0,108.7
16,10,5.8,NNE,0,84.8
11,11,2.2,SSE,0,70.5
16,2,0,---,0,-0.4
21,5,0,W,0,2.4
21,5,1.3,SW,0,106.1
2,3,0,---,0,58.6
1,3,0,SW,0,22.4
1,4,0.9,SW,0,41.4
3,5,0,SW,0,3.2
15,3,0,---,0,42.9
14,9,0,---,0,-0.9
6,12,4,ENE,0,79.2
11,7,0.9,SE,0,28.7
1,1,1.3,E,0,65.4
18,11,0.9,WSW,0,19.7
10,9,0,---,0,4.8
21,3,0.4,WNW,0,49.9
3,8,0.4,WSW,0,0
0,10,0,E,0,65.1
0,11,0,---,0,6.3
11,4,0.4,W,0,-0.5
22,3,0,SE,0,22.5
1,9,0.9,ENE,0,0
9,10,4.9,NW,0,49.1
3,1,1.3,E,0,99
16,7,2.7,NW,0,16.1
0,2,0.4,ESE,0,25.7
6,7,4.9,NE,0,83.3
13,4,3.6,W,0,75.7
2,11,0.9,SSE,0,28
20,4,2.2,NNW,0,29.6
9,7,2.7,NW,0,57.5
1,5,2.7,NE,0,66.3
3,11,0.9,ENE,0,35.2
14,1,1.8,SSE,0,13.1
11,4,3.1,NE,0,30.5
15,1,3.1,W,0,51.6
1,2,0,---,0,72.8
22,10,2.7,W,0,107.9
5,7,3.1,NE,0,52.5
7,3,0.4,S,0,45.8
6,9,0.4,ENE,0,1.8
11,9,0.9,SE,0,13.3
2,6,0,WSW,0,56.2
11,4,1.8,E,0,13.8
23,4,1.3,SE,0,37.4
16,5,1.8,SSE,0,25.4
3,3,1.3,NW,0,18.7
17,11,1.3,NNW,0,0
23,7,0.4,WNW,0,5.4
12,11,1.3,SW,0,17.4
0,7,2.2,NNW,0,36.4
15,8,0.4,WSW,0,0
0,5,0,WNW,0,37.3
1,12,0,---,0,4.4
6,3,2.2,NE,0,21.3
15,10,1.8,NNE,0,5.7
19,8,0.4,WSW,0,30.1
16,7,0.4,SE,0,2
21,7,3.6,NE,0,108.7
10,11,1.3,SE,0,1.8
8,5,0.4,WSW,0,10.8
10,1,3.1,ENE,0,16.2
13,6,2.7,NNW,0,77.6
16,3,2.2,WSW,0,48
1,7,0,NE,0,-0.3
14,5,0.4,W,0.2,39.4
2,4,3.6,ENE,0,53
18,2,1.8,SSE,0,28.8
20,5,0.4,NW,0,1
15,6,2.2,WNW,0,36.8
4,2,1.3,E,0,18.4
21,4,2.2,NE,0,47.8
10,7,5.8,WNW,0,1.1
2,7,5.4,NE,0,86.7
5,3,4,ENE,0,96
7,10,1.8,SE,0,45.4
3,6,0.9,NW,0,5.2
23,8,0,ESE,0,38.5
19,9,3.6,NNE,0,108.8
15,10,1.8,SSE,0,37.5
8,3,2.2,ENE,0,77.2
4,4,0,---,0,39
3,3,0,---,0,105.4
17,7,1.3,NW,0,54.2
14,1,2.2,W,0,18.1
3,8,0.4,WSW,0,0
6,11,0.9,SW,0,107.8
23,10,0.9,SE,0,14.5
18,9,1.8,NNE,0,32.2
4,7,0.9,E,0,95.7
3,7,0,---,0,6.8
22,12,0,---,0,79.6
20,6,0.9,NE,0,19.2
11,6,2.7,NNE,0,55.6
20,3,0.4,SSE,0,16.6
7,2,1.3,ENE,0,28.8
18,2,0.9,SSE,0,2.9
3,11,0,---,0,30.5
12,8,0.4,WSW,0,0
8,7,0.9,WNW,0,14.1
23,7,0,---,0,3.9
15,6,0,---,0,3.4
19,5,0,WSW,0,103.4
14,1,2.2,SW,0,87.3
5,11,0.9,ENE,0,42.2
4,9,0,E,0,-0.4
0,9,1.8,NNW,0,41.7
0,10,0,---,0,77.7
19,5,0,S,0,82
15,3,0,---,0,10.9
4,12,0,---,0,1.8
18,10,3.6,NW,0,99.6
7,9,2.2,NE,0,42.3
4,1,3.6,NE,0,78.7
20,9,3.6,NNE,0,108.6
13,6,4,NW,0,34.7
11,6,0,---,0,1
23,4,0,W,0,11.1
23,11,1.8,E,0,76.4
2,11,1.3,NNE,0,25.7
10,1,4,NE,0,35.7
22,12,0,---,0,29.5
7,7,3.6,NNW,0,73.1
10,4,4.5,ENE,0,95.9
22,1,0,SE,0,62
10,5,5.4,NW,0,39.8
3,11,2.7,NW,0,94.2
23,7,1.8,ENE,0,47
5,7,0,---,0,4.7
9,1,1.3,SSE,0,4.5
0,7,2.7,NNW,0,67.5
21,2,0.4,SSE,0,14.2
13,10,0,---,0,79.8
23,6,3.6,NE,0,63.3
21,1,2.2,SE,0,87.6
2,2,3.6,ENE,0,59.8
6,2,0,---,0,77.8
17,6,1.8,NNE,0,79.7
15,7,0.9,E,0,4.5
23,7,0.4,ENE,0,-0.1
12,2,1.3,E,0,3.2
7,7,3.1,NE,0,103.4
16,10,4,WNW,0,72.8
22,1,1.8,SSE,0,19.4
12,10,2.7,SSE,0,48
20,6,0,---,0,0.2
1,4,4.5,NE,0,93.1
17,8,0.4,SW,0,27.1
12,7,0.9,WSW,0,18.3
7,11,0.9,SSE,0,28.6
17,3,0,W,0,23.6
8,5,0,NE,0,-0.4
9,6,2.2,NE,0,82.5
21,8,2.2,NNW,0,47.3
21,12,2.2,SSE,0,49.7
20,5,0,---,0,4.5
19,10,0.9,E,0,11.6
4,11,1.8,NE,0,39.7
18,8,0,WSW,0,23.1
17,8,0,SW,0,55.4
0,4,4,NE,0,89.9
18,7,0.4,S,0,6.1
17,2,0.9,NNE,0,6
17,11,0.9,W,0,-0.1
12,2,2.7,WSW,0,57.6
19,2,4,SSE,0,92.8
13,12,1.8,SW,0,88.3
9,3,3.1,NW,0,54.7
12,12,2.2,NE,0,10
13,9,0.9,WSW,0,24.8
1,8,1.3,NW,0,16.9
12,7,0.4,SW,0,40.2
2,10,1.8,NNW,0,39.9
7,1,0.4,E,0,11.6
5,5,1.3,NNW,0,17.4
15,8,0.9,NW,0,-0.7
16,9,1.8,SSE,0,48.5
9,8,0.4,WSW,0,0
5,11,4,ENE,0,72.9
3,8,0,E,0,20.6
20,11,0,---,0,13.1
5,12,0,---,0,100.1
22,4,1.3,E,0,48.2
12,10,3.1,NW,0,43.3
10,3,4,NE,0,44.2
9,4,5.4,ENE,0,104
14,2,0,---,0,4.9
6,5,1.8,NW,0,27.4
3,4,0,NW,0,16.5
12,6,0,---,0,21
13,12,2.2,WNW,0,7.9
18,8,0.4,WSW,0,0
10,10,1.8,SE,0,17.9
10,6,1.8,SSE,0,8.2
22,11,0,SSW,0,39.3
23,3,0,---,0,48.4
9,9,2.7,NW,0,3.7
19,5,0.9,E,0,6.2
20,7,0,ENE,0,-0.3
10,1,2.2,NNE,0,18.1
0,6,0,SE,0,44.7
6,4,0,SSE,0,25.7
9,1,1.3,SSE,0,7.9
19,2,1.3,SW,0,29.5
17,4,0.4,SE,0,0
18,12,0.9,SW,0,11.2
18,2,0,---,0,35.7
1,3,3.1,SSE,0,81.3
8,9,0.4,WSW,0,27.6
15,6,0,---,0,3.4
3,9,0,NNW,0,21.8
7,8,2.2,W,0,106.1
4,12,0,---,0,66.7
2,5,0,---,0,75.3
14,9,0.9,SW,0,17.8
8,2,0,WNW,0,-0.4
22,12,0.4,S,0,17.8
9,11,3.6,NW,0,19.4
3,11,0.9,SSE,0,84.4
21,12,1.3,SSE,0,35.3
13,9,1.8,SW,0,77.9
6,6,0.9,NW,0,23.3
14,7,0.4,WSW,0,0.8
19,11,1.3,SSE,0,0.6
5,5,3.6,NNW,0,89.3
1,1,0.4,E,0,58.8
11,10,0.9,WNW,0,2.7
15,1,3.1,W,0,22.2
2,11,0,SSW,0,7.5
19,2,0,---,0,34.3
20,5,2.2,ENE,0,47.6
1,4,2.7,NE,0,88.6
0,3,2.2,WSW,0,88.8
22,1,0.9,SE,0,88.3
11,7,0.4,SW,0,30.2
7,10,0,---,0,62.1
17,1,1.3,WSW,0,76.3
16,2,2.2,SW,0,88
20,1,1.8,ENE,0,16.1
12,5,1.8,SSE,0,9.7
21,6,3.1,NNW,0,57.6
22,10,0,NNE,0,9.5
9,4,1.8,NW,0,15.1
12,11,1.3,NE,0,2.2
10,3,1.3,WSW,0,25
6,6,0,---,0,23.5
20,4,4,NE,0,97.2
5,8,0,---,0,22.5
21,3,0,---,0,42.1
3,11,0.4,E,0,14.3
9,4,1.3,SE,0,12.3
5,10,0.4,NNE,0,3.5
4,6,2.7,NNW,0,52.6
6,11,2.7,NW,0,50.8
5,3,0,ENE,0,5.9
7,5,0.4,WSW,0,56.8
19,1,1.8,SW,0,104.5
6,7,0.4,ENE,0,12
0,5,0.4,WSW,0,19.3
19,6,1.3,WNW,0,15.9
11,7,0,SSE,0,0.2
4,12,1.8,ENE,0,44.2
17,3,1.3,SW,0,33.7
18,7,1.3,SW,0,90.5
12,12,2.7,WNW,0,17.6
9,9,2.2,N,0,32.8
14,11,1.3,SW,0,39.9
4,4,1.8,NE,0,28.4
16,9,0.4,WSW,0,-0.2
6,8,1.3,NW,0,30.6
11,6,0,---,0,5.7
7,1,4.5,ENE,0,75.2
16,6,0,W,0,3.3
14,11,2.7,SSE,0,88.6
10,8,2.7,SW,0,108.3
6,8,3.1,NNW,0,108.6
15,11,2.7,WSW,0,41
23,9,0.4,SE,0,34.3
4,8,1.3,WSW,0,106.3
16,5,0.4,WSW,0,24.2
11,2,2.7,NW,0,3.5
15,11,0.9,WNW,0,7.316
8,5,0.9,NNE,0,13.5
13,4,1.3,SW,0,26.8
9,2,0,---,0,20.8
9,11,4.9,W,0,82.7
13,6,4,W,0,76.7
2,1,0,NE,0,14.8
18,5,0,NNE,0,-0.8
18,10,0.9,W,0,0
19,8,3.1,WSW,0,108.8
5,3,0,---,0,80.6
20,12,1.8,SE,0,45.9
11,2,0.9,W,0,8.8
18,11,0.4,WNW,0,2.4
14,7,1.3,WSW,0,97.3
9,3,2.2,NW,0,46.9
0,1,1.3,E,0,35.9
5,2,0,---,0,1.3
18,8,0,WSW,0,39.9
9,10,5.8,NNW,0,74.8
2,1,0,ENE,0,26.5
9,8,2.2,NNE,0,36.4
11,10,1.8,SE,0,11.6
2,10,2.2,ENE,0,45.7
17,4,1.8,SW,0,16.3
7,4,3.6,NE,0,99.8
8,11,0.4,E,0,-0.4
18,11,0.9,W,0,6.9
9,3,1.3,SSE,0,62.9
22,10,0,---,0,3.8
1,12,0,---,0,107.7
19,11,1.3,SSE,0,6.8
3,11,0,E,0,-0.5
1,8,2.2,NNW,0,38.8
2,10,2.7,ENE,0,43.6
10,5,0,---,0,38.6
23,7,2.7,N,0,65.2
14,9,0.4,ENE,0,5.1
22,8,2.7,SW,0,104.8
5,1,1.3,E,0,49.8
19,11,2.2,SSE,0,39.2
13,2,2.7,NE,0,6.1
2,9,0,---,0,34.2
15,2,1.8,SSE,0,16.4
0,2,0.4,SE,0,29.3
2,11,4.5,ENE,0,91.4
23,5,0.9,ENE,0,-0.4
22,3,0.4,E,0,25.6
21,1,0,ESE,0,13.1
19,4,0.4,S,0,18.2
0,11,0.4,W,0,2.5
20,8,0,WSW,0,54.5
18,12,1.3,SW,0,42.4
11,3,2.7,NE,0,30.5
2,5,0.4,WSW,0.2,65.1
8,10,9.4,NE,0,98.8
15,10,1.8,SSE,0,19.1
22,7,4.9,ENE,0,108.8
4,11,0.4,SSE,0,9.7
18,6,2.7,SSE,0,92
23,3,1.3,ENE,0,15.6
22,2,0.9,SE,0,43.2
19,5,2.2,NNW,0,40
11,6,6.3,W,0,70.7
7,12,5.4,NNE,0,85.8
7,1,1.3,E,0,55.3
2,2,3.6,ENE,0,79.9
22,3,0.4,SE,0,23.3
0,4,2.7,E,0,75.3
12,12,4,NW,0,29.6
11,5,3.1,WNW,0,11.4
8,8,2.7,W,0,107.7
4,2,0,---,0,-0.6
2,6,3.1,NE,0,69.7
14,5,2.7,WNW,0,24.8
16,8,0.4,WSW,0,58.6
5,3,4,ENE,0,81.7
15,7,2.2,WSW,0,84.8
14,5,2.2,SW,0,108.7
20,12,2.2,SSE,0.4,37.3
12,12,0.9,SSW,0,14
4,6,0,---,0,102.9
5,8,0.4,ENE,0,10.2
2,1,1.8,NNE,0,68.3
15,4,1.3,ENE,0,-0.7
16,7,0.4,E,0,2.9
0,10,2.2,NNE,0,72
2,4,0.4,S,0,20.8
22,9,0,---,0,20
8,8,3.1,NE,0,63.6
14,2,0,---,0,34.1
17,3,1.8,SW,0,31.1
11,9,2.2,WNW,0,9.7
11,4,2.2,NW,0,2
15,11,1.8,SW,0,53.7
23,10,0,---,0,16.2
23,1,1.8,E,0,23
20,8,1.8,NNW,0,44.9
20,1,0.9,E,0,34.5
19,3,2.2,SSE,0,34.3
23,11,1.3,NE,0.2,21.7
6,12,5.4,ENE,0,89.2
13,7,3.1,NW,0,21.9
23,6,0,---,0,28.2
1,4,2.7,ENE,0,47.3
16,6,0,W,0,2.9
1,8,0.4,WSW,0,0
13,9,5.8,NW,0,67.9
15,5,1.3,SW,0,75
13,5,0.9,WNW,0,0.5
1,11,0,---,0,14.8
0,12,0,---,0,25.6
6,11,0,---,0,11.5
5,4,1.3,NNE,0,22
23,5,0.9,WNW,0.2,2.8
11,3,3.6,SSE,0,101.1
7,10,8.5,NE,0,96.7
18,11,1.3,W,0,29.6
18,8,0,---,0,22.1
8,5,2.2,W,0,59.5
18,12,2.2,NW,0,16.7
16,2,0,---,0,-0.9
15,12,7.6,NW,0,84.3
22,4,2.7,N,0,35
9,2,3.6,NE,0,50.2
1,9,0,---,0,29.6
11,12,2.7,NE,0,17.3
10,12,6.7,NE,0,104.3
6,3,0.4,SSE,0,10.6
2,4,0.4,ENE,0,4.7
3,6,2.7,NE,0,38.1
10,8,0.4,WSW,0,0
14,2,0.9,NW,0,1
22,9,0,SW,0,84.8
21,11,0,ENE,0,0.6
2,8,0.9,SW,0,74.9
11,10,1.8,WNW,0,5.1
7,10,1.8,SE,0,42.1
23,6,0,---,0,28.2
5,11,2.2,NNW,0,32.3
19,6,2.7,NNW,0,71.6
10,8,2.7,W,0,93.6
2,11,0.4,E,0,15.9
5,6,1.3,ENE,0,27.8
2,2,0.9,SE,0,84.2
18,2,2.2,SW,0,91.8
18,12,1.8,SSE,0,17.6
14,3,0,---,0,10.1
8,4,1.8,NW,0,33.3
19,6,2.7,NE,0,70.6
7,5,1.8,WNW,0,31.5
7,4,1.8,N,0,26.2
23,4,1.3,NNE,0,37.5
22,12,0,---,0,94.7
5,4,3.1,NE,0,88.5
0,12,1.3,SE,0,94.2
20,11,4,NE,0,88.9
16,9,1.3,SW,0,84
2,3,0,---,0,82.5
21,10,0.9,SSE,0,17.9
14,8,0.4,WSW,0,1.8
15,2,0,---,0,0.7
23,12,0,---,0,24
15,4,1.3,SSE,0,1.5
5,1,2.7,N,0,90.4
13,4,5.4,NW,0,33.1
20,6,0,NW,0,16.9
23,11,2.2,E,0,91.9
16,10,1.8,SW,0,57.3
4,7,4,W,0,107.6
16,6,1.8,NW,0,16.4
23,7,0.4,WSW,0,17.7
17,8,0.9,NNE,0,15.2
5,4,0,---,0,0.4
0,3,1.3,ENE,0,17.5
17,3,2.2,WNW,0,6.1
8,7,1.3,E,0,33.5
20,7,0.9,E,0,76.9
16,2,0,---,0,18.6
15,9,1.3,SSE,0,16.7
2,8,0,E,0,24.3
16,2,2.7,SW,0,105.7
23,5,0.9,ENE,0,-0.5
18,12,1.8,SSE,0,21.8
2,2,3.1,ENE,0,66.2
7,4,0,---,0,0.1
9,11,4.9,W,0,82.7
16,7,1.8,N,0,26.6
20,11,0.4,SSE,0,14.8
6,1,4.5,ENE,0,87.4
20,2,1.8,SW,0,94.6
7,6,0,---,0,15.8
12,2,0,---,0,72.4
6,9,0,---,0,9.2
14,2,1.8,SW,0,22.2
8,10,2.2,N,0,25.6
23,9,0,---,0,33.2
23,1,1.3,ENE,0,14
2,1,0,---,0,6.7
12,6,2.2,SSE,0,39.5
19,6,1.3,ENE,0,17.1
18,10,1.8,SW,0,89.6
22,12,0,---,0,77
15,5,0.9,SE,0,0.7
0,1,2.2,NE,0,23.5
13,8,4.9,NW,0,95.6
8,7,1.3,SW,0,62.5
9,5,1.8,NE,0,45
12,3,0,---,0,65.1
2,4,2.7,N,0,60.5
6,1,0.4,ESE,0,36.9
16,5,6.7,NW,0,85.1
19,2,1.3,SW,0,40.3
5,12,0,---,0,34.7
7,5,0.4,NNW,0,13.4
0,2,0.9,SE,0,48.1
11,2,0.9,SSE,0,1.5
16,12,1.8,SW,0,59.2
12,1,2.2,WSW,0,46.4
7,7,3.1,NNW,0,102.2
5,12,0,---,0,78.7
5,4,0,ENE,0,0.8
5,1,3.6,ENE,0,73.7
13,2,0.4,WNW,0,0.6
11,8,0.4,WSW,0,0
19,2,0,---,0,2.6
23,1,0.4,SE,0,77.8
12,7,0.9,W,0,0.4
20,3,1.3,S,0,50.4
12,10,6.7,WNW,0,82.6
1,7,3.1,W,0,72.7
20,10,0.9,SE,0,14
19,5,1.3,W,0,86.9
3,7,1.8,E,0,43.2
4,1,0,NNE,0,-0.4
14,8,0.4,WSW,0,1.8
18,7,0.4,NNE,0,4.6
3,2,1.3,SSE,0,4.9
11,5,0.4,ENE,0,0.1
9,8,0.4,WSW,0,0
14,10,0.9,W,0,8.4
14,5,0.9,NE,0,-0.3
14,3,0.9,ENE,0,1.1
17,6,0,SW,0,30.6
2,7,1.3,SW,0,91.6
2,10,2.7,NNE,0,67.6
3,10,2.2,NNW,0,56.3
19,8,3.1,SW,0,77.8
8,12,1.3,E,0,4.2
2,10,3.6,NE,0,108.6
12,11,1.3,SW,0,73.7
15,10,0.4,ENE,0,4.1
13,4,1.3,S,0,36.6
2,7,0,---,0,4.9
20,11,0,SE,0,2.2
1,7,0.4,NE,0,1.9
15,12,1.3,SW,0,39.4
8,2,0,---,0,108.8
5,5,0.4,ENE,0,2.2
8,5,0,NE,0,-0.6
1,8,0.4,WSW,0,61.7
22,2,0.9,WSW,0,92.8
22,7,1.8,NNW,0,32.8
4,11,4,ENE,0,85
1,10,2.2,NNE,0,71.4
14,2,1.8,SSE,0,13.4
2,5,0.4,NE,0,-0.6
12,4,0.9,WSW,0,0.1
4,7,3.1,NE,0,108.6
10,6,2.7,WNW,0,14.8
2,1,0,E,0,12.4
19,9,2.2,NW,0,61.8
10,8,0.4,WSW,0,0
12,11,3.1,SW,0,106.4
20,5,0.9,W,0.2,65.8
23,7,3.6,N,0,82.4
11,5,4,W,0,61.1
21,2,2.2,SSE,0,55.9
14,1,1.3,E,0,1.2
18,9,1.3,NW,0,76.2
1,10,0,---,0,58.1
12,11,0.9,WSW,0,1.8
16,9,0.4,SE,0,0.7
11,4,3.6,NE,0,79.3
4,12,0.9,ESE,0,36.3
5,11,3.6,NE,0,95.8
20,5,0,SSE,0,21.7
3,1,0.4,ESE,0,2.7
12,10,0.9,NW,0,1.1
14,1,1.8,NNE,0,2.4
0,7,2.2,E,0,78.3
3,6,0.4,NE,0,7.2
18,11,0.9,NE,0,2.5
14,3,2.2,WSW,0,82.5
17,12,0.9,WSW,0,18.4
10,4,6.7,NW,0,64.9
18,12,1.3,SE,0,4.7
11,8,0.4,WSW,0,0
17,11,5.4,W,0,107.7
12,6,1.8,WNW,0,6.1
13,5,2.7,NW,0,13
10,7,2.2,W,0,70.2
13,8,5.4,W,0,109
3,11,0.9,SE,0,22.8
9,8,0.4,WSW,0,0
16,1,2.2,SW,0,95.7
0,3,2.2,NW,0,25.8
3,9,0,---,0,-0.4
3,5,0.4,NE,0,20.9
0,11,2.7,NE,0,77.7
1,1,4.5,ENE,0,98.5
10,10,1.3,SW,0,35
15,12,0.4,SSE,0,-0.4
9,12,4.5,ENE,0,58.8
6,10,3.6,NNE,0,77.8
14,2,0.9,SE,0,1.6
21,5,0,---,0,4.5
7,8,0.4,WSW,0,0
16,5,0.9,SW,0,2.3
4,4,2.2,ENE,0,3.7
9,2,3.1,ENE,0,41.6
23,12,0.9,SE,0,54.9
15,4,2.7,NW,0,13.8
19,5,1.8,NNW,0,13.2
19,5,0,W,0,9.9
3,1,3.6,E,0,90.1
18,7,0,NE,0,1.3
10,6,3.1,NNW,0,40.1
15,5,2.2,W,0,17
19,4,4.9,ENE,0,97.2
14,5,5.4,WNW,0,97.9
4,11,0.9,ENE,0,39.2
8,8,0.4,WSW,0,0
21,6,0.9,WNW,0,20.7
19,5,0.9,E,0,6.2
1,9,2.7,NNW,0,73.8
6,1,2.7,E,0,52.3
12,7,3.1,W,0,71.8
11,10,1.3,SE,0,12
13,4,1.3,SE,0,21.5
14,4,7.2,NW,0,108
9,2,0.4,NNW,0,-0.8
22,5,3.1,NE,0,81.6
0,7,1.8,NNW,0,57.1
7,7,0.4,NNW,0,4.5
21,6,0.9,SE,0,29
18,6,2.7,NNE,0,64.6
14,6,1.8,W,0,26
21,12,0.9,SSE,0,17.5
20,12,3.6,SSE,0,107.8
12,2,0,---,0,22.6
10,8,0.4,WSW,0,91.1
18,5,2.2,NW,0,49.2
16,8,0.9,S,0,6.3
3,1,0.9,E,0,3.5
2,2,0,---,0,76.7
4,7,0.4,ENE,0,-0.5
8,12,0,---,0,35.9
20,5,1.3,E,0,20.8
22,9,0,---,0,62.8
14,1,1.3,WNW,0,3.1
1,3,0,---,0,0.5
20,7,3.6,N,0.4,69.1
14,6,2.2,NNE,0,63.7
22,12,2.2,SSE,0,47.2
16,10,1.8,NNE,0,12.1
14,2,3.1,SW,0,100.3
23,2,0.9,SW,0,67.8
2,8,2.2,NNW,0,43.9
8,12,2.2,E,0,70.4
6,7,2.7,NNW,0,71.3
2,10,1.3,E,0,33.8
5,4,1.3,ENE,0,15.8
20,12,0.4,SSE,0,6
14,2,0.9,SW,0,23.8
15,5,2.2,SSE,0.2,88.9
1,6,5.8,N,0,76.6
10,5,3.6,NW,0,21.7
6,6,0,---,0,23.5
10,9,1.3,WSW,0,22.8
10,4,0.9,WSW,0,-0.6
9,11,4,ENE,0,56.2
20,12,1.3,E,0,58.2
1,5,0,S,0,6.2
11,10,2.7,SE,0,34.2
1,12,0,---,0,15.6
2,11,2.2,NW,0,72
21,9,1.3,NNW,0,23
7,9,0,WNW,0,3.6
15,6,0.4,WSW,0,17.5
22,7,3.1,W,0,77.3
10,2,1.8,NNW,0,8.4
0,6,0.4,S,0,11
14,5,2.2,W,0,61.2
12,3,0,---,0,6.5
23,6,0,NW,0,31.9
11,6,2.7,WNW,0,23.7
11,6,0,---,0,15.1
13,5,2.2,WSW,0,59.2
10,5,1.3,SSE,0,4.8
19,3,2.2,SW,0,102.6
9,8,1.8,NE,0,9.5
7,3,4,ENE,0,80.4
21,10,4.5,NE,0,108.8
13,10,4.9,NW,0,63.2
4,3,0,---,0,74.1
1,1,1.3,SSE,0,12.6
11,3,3.1,SSE,0,104
23,10,2.7,NNE,0,81.5
4,4,2.7,NNE,0,71.8
23,2,0,---,0,100.5
16,3,1.8,SSE,0,43.3
6,6,0.9,NW,0,23.3
12,11,0.9,WSW,0,12.6
23,12,0,---,0,32.1
17,12,0.9,E,0,0.9
21,3,0.4,WSW,0,14.5
23,4,0.9,SE,0,31.6
10,2,1.3,SSE,0,3.9
10,4,2.7,NNE,0,66.8
10,12,2.7,NNE,0,49.4
0,1,1.8,SSE,0,24.1
2,8,2.7,WSW,0,108.9
14,10,2.2,SSE,0,35.3
1,4,2.7,ENE,0,47.3
18,1,1.3,SSE,0,9.8
15,3,1.8,WSW,0,20.7
23,5,0,WSW,0,18.4
22,12,0.4,SSE,0,7.5
11,8,2.7,NNW,0,17.1
5,6,0,---,0,104.6
14,6,2.7,W,0,79
18,12,1.3,WSW,0,12.4
15,12,1.3,SW,0,27.8
8,2,1.8,NE,0,19.6
0,10,1.3,SSE,0,26.8
6,2,0,---,0,23.1
9,12,1.8,NE,0,69.2
11,11,1.8,NE,0,9
20,7,0,WSW,0,5.7
14,8,0.4,WSW,0,0
17,1,3.1,WSW,0,100.2
11,6,1.3,WNW,0,2.9
12,11,1.3,SSE,0,20
23,8,2.7,NE,0,85.2
4,11,0.9,NE,0,4.1
8,11,2.7,NNW,0,24.6
13,11,2.2,WNW,0,13.7
4,8,0.4,WSW,0,0
22,2,1.8,E,0,63.8
1,4,0,S,0,3.9
2,10,2.7,ENE,0,43.6
9,11,4.5,W,0,101
20,9,0,NE,0,1.8
23,7,3.1,NNW,0,62.1
23,7,0,---,0,2.1
11,1,3.1,NE,0,23.5
18,4,1.8,E,0,14.7
19,4,0,S,0,24.8
0,1,0.9,SSE,0,37.1
11,2,2.2,NE,0,6.5
4,4,1.8,NE,0,83.9
23,9,1.8,SW,0,86.8
20,2,1.8,ESE,0,53
16,1,2.2,SW,0,94.7
19,8,2.2,SW,0,85.6
19,7,2.2,ENE,0,40
20,4,0,SSE,0,3.9
1,12,0,---,0,97.4
14,2,1.8,NE,0,4.1
9,1,3.6,NNE,0,61.3
0,5,0,SSE,0,22.8
9,7,3.1,NE,0,106.5
23,9,3.6,NNW,0,78.7
18,4,0.9,SW,0,47.7
9,6,1.3,NNW,0,2.5
10,4,2.2,W,0,57.2
0,9,2.7,NNW,0,77.6
14,3,0.9,NW,0,5.7
14,11,2.2,SW,0,65.4
1,7,3.6,NNW,0,71.3
17,6,0,---,0,-0.5
12,9,1.3,SW,0,36.8
10,12,1.3,E,0,5.1
1,6,0.4,S,0.2,63.4
16,3,1.3,SW,0,60.9
22,10,0.9,SE,0,25.7
6,5,0,WSW,0,52.9
3,8,0.4,E,0,30
7,4,2.7,NE,0,52.4
10,5,1.8,SSE,0,38.6
1,4,0.9,E,0,19.9
3,6,0.4,NNW,0,6.9
11,1,1.8,NNW,0,13.4
12,4,9.4,NW,0,86.3
18,4,1.8,SSE,0,18
8,7,0.4,NNE,0,7.9
15,5,0,---,0,3.2
16,3,2.2,SSE,0,12.9
15,8,3.6,WNW,0,50.1
21,7,1.3,NNW,0,16.3
17,4,1.3,NNE,0,16.6
22,6,3.6,NNE,0,105.6
17,7,0.9,NE,0,13.6
6,11,3.6,NE,0,71.9
15,4,1.8,NE,0,19.7
17,7,0,S,0,14.8
4,1,4.5,ENE,0,80.8
5,1,4.9,ENE,0,95.7
22,6,2.7,ENE,0,40.6
23,3,0,SE,0,3.5
19,11,1.3,SW,0,92.5
11,5,2.2,W,0,29.6
16,1,2.2,SW,0,82.6
15,4,5.4,WNW,0,92.4
10,2,5.4,ENE,0,71
23,10,2.7,NNE,0,94.7
1,2,1.3,E,0,61.1
12,6,5.4,NNW,0,69.5
7,7,2.2,NW,0,53.5
9,7,3.6,NNW,0,76.3
4,8,0.4,WSW,0,0
0,11,2.7,NE,0,68.3
1,6,3.6,ENE,0,47.6
13,7,1.3,ENE,0,6.5
0,12,0,---,0,103.4
8,5,1.3,WNW,0,12.5
15,10,0.9,WSW,0,85.9
11,7,1.3,WNW,0,12.1
11,7,0.9,SW,0,48
14,8,3.1,SSE,0,107.7
4,6,1.8,ENE,0,10.7
21,2,2.7,E,0,75.8
10,11,1.3,SW,0,20.5
22,6,0.9,WSW,0,73.6
7,7,0.9,NW,0,8.4
10,7,4,W,0,74.4
2,11,0.4,NE,0,16.7
22,5,0,SSW,0,6.2
22,5,1.3,WSW,0,107.1
15,6,0,---,0,4.1
8,4,3.1,N,0,86.9
4,5,0,WNW,0,19
17,1,1.8,SW,0,54.3
15,9,6.7,NW,0,68.8
2,4,0,ENE,0,1.8
12,5,1.3,WSW,0,-0.6
16,11,2.7,SW,0,86.8
4,8,1.8,WSW,0,107.8
8,2,3.6,NE,0,53.4
16,6,1.8,NW,0,17.8
14,5,1.8,NW,0,7.9
3,8,4,NE,0,87.6
21,2,1.3,S,0,38.8
5,12,0,---,0,40.7
2,3,1.8,NNW,0,8.6
17,11,2.2,WNW,0,20.5
0,5,0,WSW,0,6.9
23,4,1.3,ENE,0,46.2
9,6,3.1,WNW,0,65.8
12,8,0.4,WSW,0,0
5,3,0,---,0,67.7
4,11,1.8,NE,0,20.7
13,1,1.8,WSW,0,39.8
16,11,1.8,SW,0,47.9
19,8,2.2,NNE,0,55.1
12,7,0.4,WSW,0,8.9
16,8,2.2,SE,0,38.5
6,9,0.4,ENE,0,-0.4
3,10,0.4,ENE,0,30.8
8,12,2.2,SSE,0,47
7,11,1.3,NNE,0,21.1
17,1,1.8,SW,0,49.4
9,12,3.1,ENE,0,25.6
21,1,0.9,ENE,0,2
17,8,0.4,WSW,0,0
5,11,1.8,W,0,22
5,1,1.8,ENE,0,37.1
9,3,1.3,SE,0,16.5
12,11,1.3,SSE,0,4.3
17,8,1.8,NW,0,4.4
8,7,0,---,0,0.7
9,3,2.7,NE,0,26.7
5,1,4.9,ENE,0,97
22,2,1.8,SSE,0,35.6
18,11,0.4,W,0,-0.7
8,2,0.9,SW,0.2,66.9
6,9,0.4,WSW,0.2,21.4
15,3,2.7,SW,0,79.5
6,9,0,---,0,29.9
23,11,0.4,SSE,0,67.2
10,9,1.3,E,0,13.7
10,3,0,---,0,30
11,7,3.1,W,0,92.5
16,7,1.3,ENE,0,21.2
21,10,1.3,NE,0,36.2
10,5,1.8,SSE,0,8.2
20,7,2.2,NE,0,81.5
8,2,3.1,SSE,0,70
13,12,1.8,SW,0,21.5
1,7,1.3,ENE,0,19.6
17,12,1.3,E,0,-0.6
22,11,3.1,W,0,104.3
10,10,3.1,SSE,0,71.7
13,9,3.6,SW,0,80.7
1,5,0.9,ENE,0,-0.4
22,7,1.8,SW,0.4,94.8
5,5,3.1,WNW,0,88.8
0,2,0,---,0,107.3
10,6,1.3,SSE,0,17.1
0,4,0,---,0,3.8
18,4,0,W,0,0.9
22,4,0,S,0,62.9
10,9,1.3,SW,0,46.7
5,3,0,---,0,74.4
15,8,1.8,NNE,0,2
2,11,2.7,NNW,0,65.8
19,2,1.3,SW,0,38.8
18,4,1.8,E,0,19.9
15,5,1.3,SSE,0,1
22,9,1.8,NNW,0,53.3
21,10,0.4,SE,0,26.2
14,8,0.4,W,0,-0.6
1,8,0,---,0,29.8
12,6,2.2,SSE,0,64.2
19,5,2.2,NNW,0,40.2
23,4,2.2,E,0,50.8
7,1,0.4,NW,0,14.1
4,11,2.7,NW,0,50.6
9,1,2.7,NE,0,16.8
13,3,1.8,WNW,0,4
14,5,0.4,SW,0,12.9
6,6,0,ENE,0,-0.4
20,4,4,NE,0,97.2
4,2,1.8,NE,0,66.8
6,6,0,---,0,37.3
9,8,0.4,WSW,0,48.7
1,2,0.9,S,0,34.1
8,2,5.4,ENE,0,100.2
10,3,0.9,SE,0,26.9
9,6,0.9,WNW,0,10.6
13,8,1.3,SW,0,61.2
9,4,0,SW,0,0
1,2,0,---,0,4.7
15,11,1.3,SE,0,12.076
9,12,3.1,SSE,0,68.8
12,6,0.9,W,0,-0.2
0,4,4.5,NE,0,94.9
5,3,0,NE,0,1.1
3,6,0.4,WNW,0,38.5
2,1,3.1,ENE,0,87.3
17,10,6.7,WNW,0,77.8
12,4,5.4,NW,0,87.1
0,1,2.2,ENE,0,53
4,1,4,ENE,0,51.9
9,3,2.7,NW,0,6.3
3,6,4.9,N,0,77.7
10,6,1.8,E,0,38.7
0,11,2.7,NE,0,77.7
16,7,1.3,NW,0,24.2
12,6,0.9,WNW,0,0.4
8,1,5.4,ENE,0,84.6
4,1,0,NNE,0,-0.4
5,11,1.8,NNE,0,32.6
21,8,1.3,ENE,0,3.1
23,12,0,---,0,105.4
23,12,1.8,SSE,0,48.4
21,1,1.3,SSE,0,37
21,11,0.9,E,0,16.2
18,4,3.1,W,0,78.3
19,7,0.4,E,0,21
16,4,0.9,WNW,0,-0.7
23,1,0.9,E,0,71.5
4,10,2.7,NE,0,19.7
16,3,3.1,SSE,0,57.2
2,11,0.9,E,0,15
22,2,1.3,SW,0,45.5
16,8,0.9,NNW,0,21.3
7,4,1.3,E,0,21.9
9,4,2.7,NE,0,17.9
8,6,0.9,SE,0,11.6
6,7,2.2,ENE,0,44.9
0,5,0,---,0,19.9
2,3,4,E,0,108.1
11,12,3.6,WNW,0,93.8
21,8,0.4,E,0,25.7
14,8,1.3,W,0,11.7
21,6,1.3,S,0,79.7
8,3,3.6,ENE,0,56.6
6,11,1.3,NE,0,24.2
6,6,2.2,NE,0,69.4
11,10,1.8,SSE,0,23.3
2,9,1.3,ENE,0,2
20,9,0,NE,0,0.2
5,4,3.6,ENE,0,54
0,8,0.4,WSW,0,0
12,11,1.3,SW,0,36.8
2,6,2.2,ENE,0,48.6
3,3,0,---,0,105.4
10,5,3.1,NNE,0,64.4
14,6,1.8,E,0,8.6
12,9,1.3,W,0,12
12,8,1.3,W,0,0
5,3,0.4,ENE,0,-0.7
11,7,1.3,WSW,0,54.2
18,8,0.9,WSW,0,92.3
16,10,4,WNW,0,72.8
23,4,1.3,ENE,0,42.3
6,10,0.9,SW,0,82.6
20,2,1.8,SSE,0,42.7
0,7,2.2,NNW,0,62.2
10,11,2.2,NW,0,2.1
12,6,2.2,W,0,36.6
4,5,3.1,SW,0,85.3
10,2,3.1,NNW,0,21.8
21,10,1.3,E,0,28.1
0,7,0,---,0,37.1
17,7,0.9,WSW,0,88.6
20,4,0,---,0,11.2
22,8,0.9,NE,0,9.6
15,11,1.3,E,0,14.4
20,4,2.7,NNW,0,43.6
3,3,0,S,0,11.3
12,8,1.3,WNW,0,11.2
1,12,0,---,0,21.9
19,3,2.2,SSE,0,34.3
18,9,0,ENE,0,4.9
6,9,0.9,NE,0,1.4
4,5,2.2,NNW,0,92.1
15,2,0,---,0,18.9
14,5,2.2,NW,0,2.6
1,12,0,---,0,107.6
7,5,2.2,ENE,0,48
11,6,0.9,WSW,0,13.5
8,11,1.8,SW,0.6,81.7
3,1,1.8,E,0,46.1
18,8,1.3,SW,0,89.3
17,6,0.4,NW,0,16.5
5,7,0.9,WSW,0,46
6,9,0,---,0,102
12,1,2.7,W,0,57
22,11,2.2,SSE,0,77.4
15,7,2.7,NNE,0,64.4
5,7,2.7,NW,0,53.5
23,7,3.6,NE,0,104.6
17,10,0,---,0,6.9
8,4,0,NE,0,65.6
5,5,1.8,NW,0,18.9
8,3,2.7,NE,0,23.6
7,4,3.6,N,0,78.2
5,1,0.4,SE,0,29.7
11,5,2.7,SW,0,77.7
21,10,1.3,SW,0,86.7
3,12,0,---,0,20.3
9,2,1.3,WNW,0,7.6
20,7,0,---,0,29.5
19,1,2.2,SSE,0,40.6
7,6,3.6,NW,0,77.7
15,4,1.8,NE,0,18.6
1,10,3.6,ENE,0,82.7
5,1,1.8,ENE,0,37.1
14,11,3.6,SW,0,83.8
15,7,0.9,SSE,0,2.9
20,11,0,SE,0,1.6
10,6,2.2,NNW,0.2,2.6
16,1,2.7,SSE,0,28.3
0,1,1.3,NE,0,27.1
15,10,0.9,ENE,0,1.1
19,1,3.1,SSE,0,50.4
11,4,2.2,W,0,59.7
4,2,0,---,0,97.8
19,3,1.3,SW,0,8.1
17,7,0,---,0,11.9
23,2,0,---,0,60.5
8,10,1.3,NE,0,22
4,1,3.1,ENE,0,45.2
12,7,4.5,NW,0,63.1
19,8,0.4,ESE,0,31.4
20,6,0.9,SSE,0,60.7
19,2,2.2,SW,0,107.1
13,9,0,---,0,0.2
15,7,1.8,E,0,31.4
16,10,0.9,WSW,0,-0.6
21,2,1.3,SW,0,85.7
12,6,1.8,SE,0,32.2
4,6,0,---,0,18.2
16,1,1.8,S,0,46.6
0,8,0.4,WSW,0,0
12,2,0.9,SSE,0,1.2
3,11,1.8,NE,0,17.8
11,7,2.2,NW,0,3.5
4,3,0,---,0,65.8
1,5,0.9,W,0,25.9
23,8,1.8,SW,0,108.9
19,2,1.3,E,0,59.7
8,8,3.6,NNW,0,92.8
2,9,4,NNW,0,80.7
18,5,0.9,ENE,0,-0.7
8,6,2.2,NNW,0,69.2
13,1,1.8,W,0,7.3
19,8,2.7,NNW,0,34
0,7,2.7,ENE,0,108.8
20,10,0.4,SE,0,41.9
14,12,1.3,NNW,0,0
9,8,0.4,SW,0,21
14,10,1.3,NNW,0,5.7
7,9,0,SSE,0,4
23,2,0.9,ENE,0,13
10,9,0,---,0,7.4
4,11,1.3,E,0,40.3
3,7,0,---,0,92.9
23,2,0,SSE,0,13.7
0,8,0.4,ESE,0,49.2
12,11,2.2,NW,0,14.4
5,11,0.9,NE,0,11.7
6,10,0.9,SW,0,82.6
13,4,0.9,E,0,-0.2
18,4,1.8,SSE,0,20.5
2,6,2.2,NE,0,41.9
20,6,0.9,WNW,0,16.6
8,9,1.8,NW,0,6.1
0,11,2.2,NE,0,21.1
6,5,0.9,ENE,0,14.7
20,11,0.4,SSW,0,75.7
18,3,0.4,E,0,6.3
11,3,2.2,WNW,0,40.4
19,10,4,NW,0,51.1
19,5,1.3,SSE,0,26.3
16,8,0.9,WSW,0,60.5
13,7,1.8,WSW,0,46.1
5,10,3.1,ENE,0,20.8
12,10,5.8,WNW,0,82.5
19,2,1.8,ESE,0,51.6
23,11,0.4,E,0,30.3
7,5,3.6,NNW,0,108.9
13,9,1.3,W,0,12.2
5,5,0.4,SW,0,16.8
18,1,1.3,SE,0,32.2
16,1,2.2,SW,0,79.1
18,12,0.9,SW,0,41.4
0,10,0.4,ENE,0,4.2
7,12,0.9,E,0,31.8
16,3,2.2,SW,0,95
20,8,0.9,SSE,0,32.1
9,4,0.4,ENE,0,-0.2
8,2,1.3,SE,0,18.3
20,11,0.4,ENE,0,4.2
4,9,3.1,E,0,108.7
20,8,0.4,WSW,0,48.2
8,11,4,NNE,0,87.9
14,3,1.8,SW,0,44.5
18,9,1.3,NNE,0,44.4
4,6,5.8,NNE,0,79.2
2,6,2.2,NE,0,83.3
5,8,0.4,WSW,0,0
1,3,0.4,ENE,0,2.1
17,2,0.9,SSE,0,-0.3
23,4,1.8,E,0,108.8
19,11,0,---,0,28.6
12,11,3.1,WSW,0,85.8
14,11,1.8,WSW,0,22.4
11,8,1.8,WSW,0,79.4
16,9,0.9,SW,0,61.3
19,4,0,---,0,21.4
17,10,3.1,SW,0,80.8
17,6,1.3,SE,0,19.7
12,6,0.9,NNE,0,51.7
15,7,1.8,E,0,31.4
18,10,0.9,SSE,0,-0.5
7,2,3.6,ENE,0,104.2
12,10,3.1,NW,0,43.3
18,9,0,NNE,0,2
13,5,0.9,ENE,0,0.6
12,6,3.1,NNE,0,94.3
4,6,0.4,NE,0,-0.5
18,11,1.8,SW,0,57.7
4,1,3.6,ENE,0,88.5
0,12,0,---,0,24.7
0,5,0.4,WSW,0,54.1
13,3,1.8,WNW,0,4
23,1,0.4,E,0,57.8
8,1,0.9,SE,0,29
8,10,4,ENE,0,72
23,12,0.9,SE,0,39.2
13,4,5.4,WNW,0,74.7
12,4,4,NNE,0,61.5
7,11,0.4,NE,0,7.7
13,12,1.3,NW,0,7.7
17,2,2.7,SSE,0,52.4
6,9,0,ENE,0,-0.3
10,12,2.2,ENE,0,6.6
2,10,0.4,NE,0,29.5
2,4,0.4,ENE,0,4.7
1,5,0,S,0,6.9
19,11,0,NW,0,78.9
20,6,0.4,NE,0,-0.5
16,1,2.2,SW,0,92.5
14,4,8.5,WNW,0,103.5
21,8,0.4,WSW,0,0
13,2,0,---,0,7.7
21,2,0.4,S,0,21.1
9,8,0.4,WSW,0,0
22,5,4,NW,0,103.5
7,4,3.1,NNE,0,105.8
15,7,2.2,NNE,0,51.2
5,10,2.7,NNE,0,92.9
7,2,0.9,E,0,86
17,3,2.7,SW,0,108.7
13,9,1.3,W,0,11.3
18,9,0,SSE,0,23.3
9,10,1.3,WNW,0,1.6
5,11,0.9,NNW,0,6.3
4,5,0,SW,0,0
17,8,2.2,NNW,0,73.7
14,7,4,NW,0,63.6
22,4,0,S,0,16.1
16,2,0,---,0,24.5
20,1,2.7,SSE,0,73.1
21,1,1.8,SE,0,45.7
9,12,1.8,NE,0,65.9
15,4,0.4,NNW,0,-0.1
3,11,4.5,WNW,0,88.1
9,5,0.9,NE,0,51.6
23,10,1.3,SSW,0,105.6
21,11,0,SE,0,7.6
14,2,0,---,0,42
16,10,1.8,NNE,0,12
5,10,1.3,E,0,36.8
11,3,1.3,SSE,0,39.5
18,3,0,---,0.2,49.6
4,12,0,---,0,28.7
4,7,2.7,WNW,0,79.5
19,1,0.4,WSW,0,1.9
14,3,1.8,W,0,5.1
12,10,1.3,SW,0,45.5
13,4,0.9,W,0,-0.7
3,7,5.8,NE,0,84.8
3,9,0,WSW,0,75.3
21,9,0.4,E,0,-0.5
0,3,3.6,SSE,0,108.7
20,10,0.4,SSE,0,9.6
23,5,0,ENE,0,-0.4
23,2,2.2,SSE,0,64.2
21,7,2.2,SW,0.2,74.9
14,6,3.1,W,0,73.8
0,4,0.4,ESE,0,28.4
20,12,3.6,SSE,0,107.8
12,11,1.8,SSE,0,14.7
19,12,2.7,SSE,0,46.4
22,9,1.3,ENE,0,50.5
2,4,0,S,0,59.1
1,1,1.3,SE,0,20.7
18,5,0,ENE,0,-0.1
7,12,0,---,0,26.5
1,7,0,---,0,41.7
5,12,0,---,0,39.5
2,9,0,---,0,84.4
8,11,1.8,SSE,0,16.6
5,8,0.4,WSW,0,0
14,12,1.8,NW,0,1.2
14,10,2.2,NW,0,6
12,10,0.9,ENE,0,0.5
23,5,0.4,W,0,47.3
22,11,0.4,SSE,0,54.1
6,3,4,ENE,0,77.5
4,2,0.4,SW,0,84.8
17,3,1.8,SW,0,53.4
21,5,0.4,NNE,0,1.7
6,12,0,---,0,66.7
5,8,0.4,S,0,80.6
20,2,0.4,SSE,0,14.9
11,2,1.3,WSW,0.2,50.2
15,7,0.4,SW,0,25.6
22,5,2.7,NNW,0,86.3
23,5,0.4,ESE,0,21.3
15,4,0.9,W,0,0.5
1,10,0,NNW,0,8.4
19,7,3.1,W,0,108.8
13,10,1.8,SW,0,76.8
17,2,0,---,0,19.7
12,5,0.4,WSW,0,-0.5
2,10,5.4,NE,0,108.8
19,12,3.6,NW,0.2,101.7
16,8,0.9,NW,0,1.3
23,12,2.7,SE,0,97.5
13,4,1.3,SW,0,18.3
0,2,0.9,SSE,0,43.6
20,1,2.2,SSE,0,74.6
21,11,0.9,SSE,0,12.2
12,11,1.8,SW,0,69.6
18,3,2.2,SSE,0,34.4
23,8,1.8,SW,0,93.4
8,1,4.5,NE,0,86.4
9,12,0.9,ENE,0,2.5
10,7,1.3,SE,0,12.8
14,4,5.8,NW,0,68.6
16,8,3.6,NNW,0,72.2
10,6,2.7,NNE,0,58.4
19,2,1.8,SW,0,29.5
14,12,1.8,SW,0,73.8
21,1,2.2,SSE,0,40.1
23,2,0.4,SE,0,30.6
3,6,0.4,NW,0,4.8
0,8,0.4,WSW,0,0
2,5,0,---,0,19.6
14,3,2.7,SW,0,102.8
5,5,0,SW,0,29.6
14,4,1.3,W,0,2.2
20,6,0,---,0,-0.4
2,11,0,E,0,-0.4
10,10,1.3,SE,0,17.5
1,5,0,---,0,51.1
10,11,2.7,SSE,0,61.9
3,9,0,---,0,-0.4
6,4,0.4,SSE,0,42.4
18,1,4.5,SSE,0,107.9
10,10,0,---,0,16.6
15,3,0.9,SE,0,2.7
13,12,2.2,ENE,0,2.2
13,11,3.1,NW,0,21.1
10,10,2.2,NNW,0,14.5
20,1,1.8,SE,0,41.3
8,10,0,---,0,53.7
0,7,2.7,W,0,74.9
11,5,1.8,W,0.2,64.2
4,5,0,ENE,0,3.1
16,10,2.2,SSE,0,64.6
10,11,3.1,SSE,0,53.3
23,8,0.4,WSW,0,0
0,6,5.8,NNW,0,71.5
15,8,0.4,WSW,0,0
6,5,1.3,NW,0,48.2
10,10,4,NNW,0,50.8
13,12,1.3,SW,0,26.4
17,7,0.4,S,0,0.3
21,5,0,SSE,0,4.8
18,4,1.3,E,0,11.1
17,11,2.2,SW,0,75.7
19,11,0.9,SW,0,72.7
3,6,1.3,NNW,0,15.2
6,3,2.7,ENE,0,63.2
11,3,1.8,SSE,0,11.5
15,1,2.2,SW,0,65.6
15,1,2.7,SW,0,93.2
19,1,3.1,SSE,0,50.4
6,12,4,ENE,0,81
20,5,1.3,NW,0,31.5
20,7,1.8,NE,0.2,75.3
11,8,4,W,0,108.7
8,11,2.2,NE,0,23.6
9,6,1.8,NE,0,75.4
3,2,0.4,SSE,0,4.5
22,9,0.4,ESE,0,36.9
5,1,3.1,ENE,0,73.4
2,4,2.7,N,0,58.3
18,9,4.5,NW,0,89.1
11,3,3.6,NE,0,25.6
3,10,1.3,ENE,0,21.8
4,1,0.9,NE,0,32
18,9,0.4,ENE,0,0.6
18,4,1.3,S,0,16.9
20,12,2.7,SSE,0,98.3
8,6,0,SSE,0,20.7
20,8,0.4,WSW,0,38.6
17,2,2.2,SW,0,91.7
16,1,1.3,W,0,1.7
13,2,0,---,0,2.3
15,7,2.7,NNE,0,46.2
17,1,1.3,SW,0,24.9
23,8,0,ENE,0,60.1
9,5,5.4,NE,0,89.6
11,2,0,---,0,12.4
19,4,0,S,0,30.1
4,2,0,---,0,88
23,4,1.8,ENE,0,42.2
4,12,0,---,0,28
23,6,5.4,NNW,0,73
16,10,1.3,SW,0,15.4
2,4,0,---,0,4
0,1,0.9,SE,0,44.5
5,12,0,---,0,10.8
9,8,0.4,SW,0,41
11,3,1.8,WSW,0,34.2
7,1,4.9,ENE,0,98.9
0,9,0,---,0,31.4
17,5,0.4,ENE,0,2.9
23,10,0,---,0,76.8
12,6,0,---,0,19.3
18,10,4,WNW,0,74
15,2,2.7,SSE,0,33.3
16,10,1.8,SW,0,50.1
0,1,2.2,NE,0,23.5
18,1,4.5,SSE,0,81.4
22,4,0.9,ESE,0,54.7
17,8,0.4,SE,0,6.7
6,5,3.1,WSW,0,108.6
22,12,0,---,0,62.6
14,11,1.3,SW,0,4.92
1,10,0,WSW,0,0.9
4,12,0,---,0,86.8
18,6,2.2,NW,0,69.8
10,5,0.9,WSW,1,91.5
14,5,4.9,W,0,99.7
7,6,0.9,NNE,0,6.9
20,4,0,SE,0,10.9
2,1,0,NNE,0,29.2
13,2,2.2,SE,0,31.2
21,11,1.3,SE,0,35.2
18,5,0.4,W,0,41.5
0,11,2.2,NNW,0,55.7
22,4,3.1,N,0,85.8
3,6,0.4,NNE,0,5.3
12,10,2.7,NE,0,22.4
17,3,0,---,0,1.7
7,12,4.5,ENE,0,90.2
11,8,4.5,W,0,107.4
12,1,2.2,WSW,0,39
13,11,1.8,WSW,0,22.5
0,7,3.6,W,0,72.5
20,2,3.6,SSE,0,80.1
5,2,3.1,E,0,81.4
21,3,0.4,NE,0,7.3
16,8,0.9,SW,0,35.4
16,12,1.8,SE,0,55
12,9,1.3,SW,0,36.8
0,3,3.1,SSE,0,82.1
17,9,0.9,SW,0,53.3
18,7,0,NE,0,1.3
7,4,2.2,ENE,0,33
0,11,0,---,0,12.1
11,1,2.2,NE,0,15.2
9,9,0,---,0,84.1
6,7,1.3,SSE,0,14.6
17,9,5.8,NW,0,84.8
22,4,3.1,ENE,0,35.6
6,5,0,---,0,3.5
22,2,0.9,SE,0,30.2
8,9,1.8,WNW,0,19.8
22,6,0,W,0,31.5
16,11,1.8,W,0,80.8
15,7,1.3,SE,0,5.1
17,9,0.4,WSW,0,22.8
20,4,2.7,E,0,63.9
8,11,3.6,NNE,0,73
17,6,0.4,ENE,0,-0.1
7,8,2.2,W,0,106.7
4,2,0,---,0,36.8
16,3,2.7,SE,0,55.8
17,9,4.9,NW,0,92.7
22,12,0,---,0,2.7
6,12,0,---,0,31.3
2,4,1.8,SSE,0,49.5
17,1,1.3,SE,0,4
10,6,1.8,SE,0,33.5
22,8,0.9,N,0,18.2
15,9,0,---,0,29.5
9,2,1.8,SE,0,18.6
19,2,1.3,SW,0,33.5
13,2,2.2,SE,0,31.2
1,8,0,---,0,29.8
18,5,0.4,ENE,0,-0.7
17,7,2.7,NNW,0,61.6
14,3,0,---,0,41.7
0,8,0.4,WSW,0,0
10,9,5.8,NW,0,74.8
1,10,3.6,NE,0,91.5
3,5,5.4,ENE,0,93.3
7,4,0.4,SE,0,25.1
14,8,0.4,WSW,0,36.8
19,1,3.1,SSE,0,90.6
4,4,3.1,NNE,0,75.7
22,5,1.8,NNW,0,24.4
20,12,0,---,0,67.1
12,10,1.8,SW,0,58.5
3,8,0.9,NW,0,36.1
0,11,0,W,0,1
7,5,0.4,ENE,0,3.5
2,12,3.6,ENE,0,59.6
4,6,0.9,N,0,13.6
23,9,0.9,ENE,0,-0.7
1,11,2.2,W,0,107.8
23,5,4,ENE,0,83.1
4,6,0,E,0,5.1
22,10,1.3,SSE,0,83.8
8,3,0,S,0,6.9
1,5,0.4,SW,0,54.2
5,7,1.8,NW,0,39.3
21,5,0.4,SSE,0,19.2
15,9,1.3,WNW,0,0.1
12,10,2.7,SSE,0,48.8
23,6,2.2,NNW,0,50.7
12,5,1.8,W,0,14.1
18,9,0.4,WNW,0,5.5
14,12,1.3,SW,0,23.1
6,6,0.4,E,0,3
21,11,0,---,0,21.1
20,9,1.3,NNE,0,48.9
21,11,0.4,E,0,5.2
20,11,1.8,W,0,93.5
13,5,0,---,0,5.9
6,8,1.8,NNW,0,19
5,11,0,---,0,18.1
21,4,2.2,NE,0,46.7
23,8,0,E,0,23.8
13,12,1.8,SSE,0,24.9
18,6,0,SW,0,16.3
16,1,1.8,WSW,0,46.5
4,12,0,---,0,101.5
17,5,1.8,W,0,71.4
13,7,4,NW,0,71.4
17,10,1.3,SW,0,42.3
18,9,0,E,0,0.5
4,2,0.9,SSE,0,55.8
1,5,2.2,ENE,0,52.5
5,9,0.9,NE,0,-0.2
10,10,6.3,N,0,81.8
13,2,0,---,0,3.6
1,12,3.1,NE,0,69.7
1,6,0,E,0,8.9
1,6,0.9,SE,0,60.1
23,1,1.3,E,0,106.4
0,8,0.4,WSW,0,69.9
16,10,2.2,SE,0,43.4
22,12,0.9,E,0,9.2
7,2,0.9,E,0,86
12,7,4.5,W,0,75.1
0,6,0,SSE,0,71.2
14,1,2.2,SW,0,50.6
22,9,0.4,SW,0,92.6
22,2,3.1,E,0,75.3
9,10,0.4,NE,0,-0.7
4,6,2.7,NE,0,46.8
16,8,2.7,NW,0,37.5
23,6,0.9,ENE,0,47.2
2,5,0.4,NE,0,-0.3
11,9,0,---,0,7.6
9,12,2.2,ENE,0,21.8
3,3,3.6,E,0,96.7
11,2,2.2,NE,0,1.4
23,3,1.3,NE,0,17.9
5,8,1.3,NW,0,29
15,6,3.1,NNW,0,44.9
20,12,4.5,SSE,0,101.5
22,7,2.2,SW,0.4,95.7
6,8,0.4,WSW,0,0
18,6,1.3,SW,0,64.3
13,3,1.3,WNW,0,3.3
17,8,0.4,WSW,0,5.9
15,8,3.1,NW,0,70.2
7,1,4.5,ENE,0,101.9
22,7,0,ENE,0,-0.4
22,6,0.9,ENE,0,26.1
17,4,2.2,NNE,0,43.7
21,10,0,---,0,96.3
14,12,2.7,SSE,0,85.7
13,9,0,---,0,-0.1
20,2,0.4,SE,0,0.8
16,11,0.9,W,0,4
14,12,5.4,NW,0,67.5
8,1,1.3,NNE,0,10.9
1,3,0,---,0,37.1
9,3,5.4,ENE,0,77.7
6,5,0,---,0,20.7
15,3,0,---,0,6.3
21,9,1.8,SW,0,74.1
12,3,0,---,0,19.5
22,3,0.4,E,0,25.6
18,11,1.8,SSE,0,34.7
9,10,2.7,NNW,0,33.4
2,7,2.2,NW,0,63.9
4,9,0.4,NE,0,5.8
1,11,2.2,NE,0,30.4
11,3,2.2,WNW,0,2.4
23,9,0,---,0,33.2
23,10,1.8,SSE,0,71.8
9,7,0,WNW,0,4.7
18,10,0,---,0,8.6
17,8,0.4,WSW,0,5.9
21,7,0,NE,0,4.3
10,1,1.3,ESE,0,10.7
17,7,1.8,NW,0,18.4
0,4,1.3,SE,0,44.2
1,4,2.7,NE,0,64
12,10,1.3,SE,0,18.2
14,1,1.8,W,0,33.4
8,5,0.9,NW,0,7.2
16,12,1.8,WSW,0,17.8
21,1,1.8,E,0,101.9
16,1,1.3,E,0,5.3
14,12,2.7,SSE,0,107.8
15,6,3.1,W,0,72
3,5,1.3,W,0,72.5
17,10,4,NNE,0,88.4
15,4,2.7,NW,0,13.8
5,12,0.9,SE,0,38.2
11,8,5.4,NW,0,86
11,12,0.9,NE,0,0.6
2,2,0.4,S,0,22.8
7,6,1.8,WNW,0,105.7
21,2,0,SSE,0,22.3
16,4,1.8,SE,0,18.1
15,6,3.6,WNW,0,41.3
9,12,2.7,SSE,0,36.1
4,3,0.4,WSW,0,48.4
6,5,3.1,N,0,77.6
17,3,0,---,0,1.4
0,8,0,W,0,1.4
7,8,0,ENE,0,44.4
5,8,0.4,WSW,0,70.1
15,2,2.7,SSE,0,27.5
14,4,0.9,W,0,-0.7
4,11,0,SSE,0,46.1
7,7,0,---,0,42.7
1,10,3.6,NNE,0,101.8
18,1,0.4,WSW,0,-0.8
3,8,0,WSW,0,41.8
22,12,0,---,0,20.8
12,11,0,---,0,15.8
11,9,0,---,0,-0.7
22,8,3.6,SW,0,108.5
7,2,2.7,NE,0,11.9
9,11,1.3,SSE,0,9
14,12,1.3,E,0,0.3
7,3,1.8,WSW,0,77.3
9,8,1.3,SSE,0,44.4
1,6,3.6,NE,0,84.7
22,12,0,---,0,36.8
3,5,0,---,0,41
10,3,2.2,NE,0,16.1
21,5,0,---,0,3.4
15,11,0.9,W,0,2.1
0,9,0.4,ENE,0,11.8
4,9,1.3,NE,0,0.8
8,1,3.6,NNW,0,66.4
23,5,0,SSW,0,10.6
10,3,0,---,0,10.2
18,8,0.9,WSW,0,64.4
17,11,0.9,SW,0,8.8
8,5,2.2,NE,0,70.6
20,11,1.3,SE,0,41.5
19,2,1.8,SE,0,25.2
21,7,0.4,SW,0,96.5
5,12,4.9,ENE,0,95
14,11,2.7,SW,0,82.8
12,9,2.2,SSE,0,35.4
3,10,0.9,E,0,40.4
0,5,0.9,NW,0,19.8
10,7,1.3,SE,0,19.7
23,7,0,---,0,1.3
12,2,4,SW,0,99.6
12,8,0.4,WSW,0,0
3,5,0.9,WNW,0,26.5
8,1,3.1,NE,0,26.9
3,3,0,SW,0,1.5
18,11,3.6,W,0,62
0,6,0.4,WNW,0,57.9
8,7,4.5,NNW,0,71
4,11,1.3,ENE,0,38.7
12,1,2.7,SSE,0,71.7
22,1,0.9,SE,0,70.2
5,11,0.9,SSE,0,25
22,1,1.8,E,0,52.2
14,7,2.2,W,0,78.8
9,7,0.4,WSW,0,34.4
15,5,0.4,E,0,-0.4
17,7,0,ENE,0,10.6
23,11,1.3,NNW,0,52.8
1,10,2.7,E,0,94.1
10,1,1.3,SE,0,2
13,10,4.5,NW,0,66.3
11,2,0,---,0,91.9
0,4,3.1,NE,0,75
4,6,0,---,0,108.6
11,1,2.7,ENE,0,26.1
21,4,0.4,E,0,13.9
6,7,1.8,NW,0,63.5
0,8,1.3,SW,0,108.9
9,5,1.8,SW,0,96.6
21,8,0.4,SSE,0,42.2
1,10,1.8,SSE,0,33.7
8,8,3.1,NE,0,84.1
13,3,1.8,WSW,0,24.2
21,3,0,---,0,70.1
10,12,2.7,ENE,0,20.4
14,11,4,WSW,0,94.8
18,3,2.7,SW,0,95.2
19,1,2.7,SSE,0,46.8
19,3,0,---,0,3.1
2,8,2.7,WSW,0,87.7
23,4,1.8,ENE,0,42.2
1,9,0.9,ENE,0,-0.6
13,7,2.2,WSW,0,72.3
13,6,1.8,WNW,0,-0.6
14,9,1.8,SW,0,74.9
10,8,0.4,WSW,0,16.4
3,12,0,---,0,0.8
11,7,1.8,E,0,66.6
8,6,1.8,NNW,0,21.3
0,1,1.8,NE,0,27.5
10,4,0.9,WSW,0,-0.6
4,10,0.4,SW,0,7.7
14,1,3.1,W,0,31.3
11,5,2.7,SW,0,77.7
18,11,0.4,W,0,-0.8
14,1,2.2,SW,0,67.5
9,10,2.2,NNW,0,23.6
9,8,1.3,WSW,0,71.5
22,2,0,---,0,23.1
21,12,0,---,0,61.1
10,7,0.9,WNW,0,1.9
21,11,1.3,E,0,21
4,12,0,---,0,6.1
9,1,3.6,ENE,0,51.8
4,5,0.4,SW,0,49.8
9,3,0,---,0,58.5
3,6,2.7,NE,0,37.4
6,11,0.9,NW,0,5.8
21,5,1.3,WNW,0,30
7,5,0.9,NW,0,10.5
11,8,1.8,SW,0,57.6
21,6,1.3,ENE,0,14
23,12,0,---,0,72.9
13,7,2.2,WSW,0,72.7
10,6,1.8,NNE,0,72.3
20,11,0,SE,0,2.2
20,10,0.4,NE,0,9.3
13,12,1.8,SSE,0,23.7
14,3,1.8,SW,0,82.2
13,10,1.8,W,0,12.8
11,12,4.5,NW,0,38.8
12,11,2.2,W,0,59.6
9,10,4.5,NE,0,108.9
5,12,0,WSW,0,19.2
22,2,3.1,E,0,88.7
22,7,0.4,NW,0,13.6
4,6,1.8,ENE,0,10.7
23,8,2.2,WSW,0,108.8
20,6,2.2,NW,0,32.1
5,11,0.9,SSE,0,12.2
8,1,2.2,SSE,0,32.9
10,2,1.3,SE,0,13.5
15,3,1.8,SW,0,83
18,11,1.8,SSE,0,18.8
1,6,4.5,NNW,0,83.1
17,3,0.9,SE,0,2.9
10,2,0.4,WSW,0,-0.2
10,4,2.2,SSE,0,61.7
4,11,2.2,NNW,0,33.5
6,1,2.7,E,0,97.2
5,1,3.6,NE,0,78.8
9,3,0,---,0,95.5
18,12,2.2,SSE,0,15.3
5,11,0,---,0,12.1
3,9,0,---,0,-0.4
3,10,2.2,ENE,0,23.9
19,12,4.5,SSE,0,105
9,6,1.8,E,0,46.2
23,2,0,---,0,58.3
17,9,2.7,SSW,0,77.8
0,12,0,---,0,23.3
0,7,3.1,NNW,0,76.9
19,8,0,NE,0,-0.4
5,6,2.7,NE,0,68.4
10,11,1.3,WSW,0,25.6
17,10,2.7,SE,0,38.2
14,4,8,WNW,0,106.4
5,5,2.2,NE,0,43.4
1,5,1.8,WSW,0,91.3
14,9,1.8,SW,0,80.8
18,5,0,SSE,0,14.8
21,3,0.9,N,0,34.3
15,10,2.2,NW,0,3.4
3,5,4,WNW,0,89.2
4,5,0.9,W,0,82.7
10,10,4.9,NNW,0,83.5
8,11,2.2,NW,0,12.1
7,4,1.3,NNE,0,24.4
2,12,1.3,E,0,58.4
18,11,1.3,SW,0,17.6
5,2,2.7,ENE,0,13.6
7,9,0.4,W,0,40.6
20,6,0.4,NE,0,-0.5
3,5,2.7,NW,0,80
17,3,1.8,SW,0,83.9
23,1,0,SE,0,9.4
19,1,2.2,SW,0,99.8
11,10,2.7,N,0,83.6
6,9,0,---,0,9.2
23,11,0.9,NE,0,40.7
7,12,0,---,0,70.6
13,11,3.6,WNW,0,13.4
0,12,0,---,0,107.7
23,2,0,---,0,68.2
9,11,3.6,NNE,0,62.6
10,10,3.6,NW,0,60.8
8,3,3.1,NE,0,27.7
20,7,0.9,ENE,0,5.8
19,3,2.2,E,0,75.2
13,3,0,---,0,62.1
5,2,0,E,0,51.8
1,6,0.4,NNW,0,2.2
16,7,0,WSW,0,2.6
20,5,0.4,SSE,0,16.9
13,7,6.7,W,0,0
5,1,4,ENE,0,61.9
22,9,0.4,SW,0,74.1
10,4,1.3,E,0,28.4
6,8,0.4,WSW,0,0
14,4,0.9,S,0,-0.2
12,7,0.4,WSW,0,4.9
16,9,1.8,SW,0,91.1
3,3,0.4,SSE,0,14.8
7,6,0.4,W,0.8,39.3
15,3,2.2,SW,0,102.9
10,7,2.7,NW,0,7.9
17,2,1.3,SW,0,31.4
2,8,0.9,ENE,0,1.6
16,11,2.7,SW,0,90.7
5,11,5.4,ENE,0,92.4
17,8,0.9,SW,0,27.6
21,9,1.8,N,0,54.2
12,4,0.4,NE,0,-0.7
19,4,1.8,NNE,0,21.1
22,10,1.8,SSE,0,98
2,11,2.2,ENE,0,53
10,8,3.1,NE,0,0
22,5,0,S,0,44.4
13,3,0,---,0,59.8
16,4,2.7,WSW,0,98
14,11,0,---,0,4.328
20,5,1.8,ENE,0,27.8
10,2,4.9,ENE,0,55.8
1,10,2.2,SE,0,40.2
18,5,0,---,0,40.2
3,5,0,---,0,55.5
1,8,0.4,WSW,0,0
4,3,0,---,0,60.1
20,4,1.3,SE,0,21.8
5,6,1.3,ENE,0,23.8
5,4,2.2,NE,0,17.4
13,6,4,NW,0,42.4
1,7,0.9,ENE,0,31.6
14,9,6.3,NW,0,66.9
8,1,3.1,ENE,0,37.5
23,10,0.4,SSE,0,33.2
2,6,0,W,0,37.4
7,2,0,---,0,71.2
20,10,1.3,SE,0,11.1
9,10,1.8,SSE,0,86.7
23,11,0,E,0,8.3
15,5,2.2,SW,0,97.1
18,2,0.9,NW,0,1.5
9,12,3.1,E,0,53
11,4,2.7,NNE,0,34
17,11,2.7,SW,0,74.7
11,6,0,---,0,15.1
8,9,0.9,WSW,0,10
11,11,3.6,NNW,0,12.9
1,12,0,---,0,46.5
4,6,2.7,NW,0,82.4
2,3,0,SW,0,20.4
14,8,0.4,W,0,-0.6
15,7,1.8,SSE,0,25.7
22,2,0,SSE,0,21.7
22,5,0,WSW,0,1
4,1,2.2,E,0,101.5
22,2,1.8,SSE,0,94.6
16,8,3.1,W,0,78.7
12,3,0.9,NW,0,-0.5
21,2,0,SSE,0,22.3
20,1,0.9,S,0,24.7
22,8,0.9,NE,0,9.1
19,11,2.2,SSE,0,42
23,1,3.1,E,0,94.2
0,8,1.8,ENE,0,34
16,2,1.8,E,0,4.7
12,6,0.9,WNW,0,-0.3
7,11,1.3,NNE,0,21.1
16,1,1.3,SE,0,19.7
22,5,0,WSW,0,26.6
0,1,1.8,SSE,0,9.6
3,4,0,WSW,0,2.7
19,1,0,E,0,-0.6
23,1,0,ENE,0,105.4
19,1,1.3,SW,0,28.7
21,1,0.4,SE,0,14.1
23,8,0,E,0,23.8
19,10,0.4,SSE,0,6.1
21,1,2.2,NE,0,33
4,12,0,---,0,101.6
9,11,0.9,SW,0,61.9
15,2,2.2,WSW,0,21.8
23,10,0,---,0,87
6,9,0,SSE,0,3.6
6,9,0,---,0,16.2
12,2,1.3,E,0,9.8
10,12,2.2,NE,0,4.3
20,8,0.9,E,0,31.8
12,1,2.2,NE,0,0.6
21,12,0,---,0,28.8
6,10,3.6,NNW,0,85.5
1,5,1.3,WSW,0,91.4
15,1,1.8,SSE,0,19.7
4,4,0,---,0,40.2
6,12,5.4,ENE,0,91.4
22,11,2.2,NNE,0.4,0.7
13,5,1.3,SSE,0,13.8
13,5,7.6,WNW,0,108.7
3,3,1.8,SSE,0,94.8
3,7,5.8,NE,0,83.3
13,5,2.2,W,0,20.7
5,3,4.9,ENE,0,92.1
13,8,1.8,NW,0,5.3
23,8,0,---,0,21
14,2,0,---,0,12.5
7,5,2.2,WNW,0,92.6
13,10,8,NW,0,108.7
21,7,2.2,W,0,24.8
13,4,1.8,WSW,0,-0.1
1,3,0,---,0,42.9
16,4,4.9,W,0,88.1
13,12,2.2,SW,0,91.8
23,9,2.2,NE,0,52.4
6,2,2.2,NNE,0,68.6
17,8,0.4,SE,0,33.2
6,1,2.7,ENE,0,56.8
4,5,0.4,SE,0,11.7
8,11,0.4,SW,0,45.4
1,12,0,---,0,4.4
13,1,2.7,SSE,0,21.7
1,2,0.4,NE,0,56.3
11,12,1.8,WNW,0,1.1
6,4,0.4,ENE,0,11.5
22,1,1.8,ENE,0,5.5
8,11,0,WNW,0,-0.6
5,7,1.3,NE,0,9.6
9,3,1.3,SE,0,16.5
9,12,4,NE,0,32.7
16,6,7.6,NW,0,72.7
13,11,3.1,SW,0,98.7
5,8,2.2,WSW,0.2,84.3
8,8,0.4,WSW,0,0
13,3,2.2,WNW,0,3.4
4,1,2.7,ENE,0,49.6
22,1,0.9,E,0,13.3
12,10,2.2,SSE,0,46.6
17,10,0.4,WNW,0,-0.2
17,12,0.9,SSE,0,1.7
1,11,2.7,E,0,83.9
8,1,3.6,NE,0,49.1
18,1,1.3,SW,0,33.7
11,3,1.8,W,0,13.9
15,12,0.9,W,0,-0.4
3,3,1.3,NNE,0,26.2
22,5,4,NW,0,103.9
9,6,1.8,SSE,0,36.2
3,6,0,---,0,24.8
20,7,3.1,ENE,0,84.1
12,5,2.2,N,0,33.6
18,6,2.2,N,0,56.9
20,11,0.4,SSE,0,33.9
2,6,1.3,NNW,0,18.8
5,1,3.1,E,0,68.7
10,12,0.9,E,0,1.8
15,9,3.1,NE,0,43
9,6,0,---,0,9.4
16,6,1.8,NE,0,0
22,8,0,---,0,0
22,3,0,---,0,29.9
20,9,3.1,NW,0,91.6
1,7,0,---,0,29.1
21,8,4.5,N,0,97
1,2,0,---,0,93.6
18,10,0,SSE,0,1.1
7,12,0,---,0,40
23,11,0.9,E,0,9
14,8,1.3,W,0,11.7
2,4,2.7,ENE,0,46.5
12,7,3.6,NNE,0,74.6
9,4,1.3,E,0,16.5
6,4,3.6,NE,0,51.8
22,4,4.9,NE,0,93.8
20,7,1.3,WSW,0,94.4
13,10,4.9,WNW,0,93.9
14,5,5.4,WNW,0,97.9
9,8,1.3,SE,0,29.2
14,8,3.1,WSW,0,109
23,1,0.4,ENE,0,59.6
13,5,0.9,WSW,0,8.6
15,5,0.9,NW,0,4.6
4,12,0,---,0,98.6
9,6,2.2,ENE,0,9.6
15,3,2.2,SW,0,54.2
1,8,0.4,WSW,0,0
18,11,1.3,SSE,0,20.9
5,5,0.9,ENE,0,7.7
13,12,2.7,SW,0,0.1
2,3,0,---,0,58.6
12,1,2.7,W,0,47.9
21,7,0.4,E,0,48.4
5,6,0.4,SSE,0,5.2
8,5,1.8,NE,0,19.5
17,2,0.9,SE,0,0.5
13,12,8,NW,0,94.4
8,11,3.1,NE,0,51.5
0,9,0,---,0,34.8
1,5,0,---,0,48.9
17,2,1.8,SSE,0,12.7
0,7,0,---,0,5
23,11,0.4,SW,0,24.6
18,8,0.4,WSW,0,0
13,10,1.3,SW,0,33.4
2,8,2.7,NNW,0,56.5
15,5,0.9,W,0,36.2
1,4,0.9,SW,0,41.4
11,7,4,NW,0,64
2,6,2.7,ENE,0,45.8
20,9,0.9,ENE,0,47
1,3,0,---,0,26.8
7,1,3.6,ENE,0,45.7
17,10,0.9,NNW,0,-0.9
6,1,1.8,SSE,0,57.3
5,5,1.3,NNW,0,48.8
6,5,0,WSW,0,-0.5
4,2,0.4,E,0,34.4
15,4,3.6,SSE,0,78.3
13,12,4.9,WNW,0,69.2
4,2,5.8,E,0,94.1
2,8,0.4,WSW,0,0
12,11,1.3,SSE,0,20.8
10,11,1.3,SW,0,32
14,1,1.8,SE,0,15
23,8,0.4,WSW,0,73.3
2,5,0,---,0,76.2
18,9,0.4,WSW,0,43
20,11,0.4,SW,0,71.5
23,5,3.1,NW,0,41.2
1,3,0,---,0,36.6
14,4,2.2,SSE,0,14
0,8,1.3,ENE,0,20.8
6,3,0,---,0,-0.7
17,5,1.3,WSW,0,46.4
21,5,0.9,SW,0,71.5
16,9,2.2,SW,0,75.7
21,10,0,NW,0,19.9
2,2,0,---,0,74.3
19,7,0.4,E,0,17.8
15,10,0,---,0,1.6
20,10,0.4,ENE,0,2.8
6,12,0,---,0,82.9
13,11,3.1,SW,0,83.8
8,11,1.3,SSE,0,45.4
9,6,0,---,0,9.2
15,10,1.3,SSW,0,72.2
13,12,1.8,SE,0,13.7
6,10,0,---,0,58.4
14,6,0.9,W,0,11.7
15,8,0.4,W,0,0
18,9,0.4,SW,0,77.8
12,10,0,---,0,84.8
23,4,4,N,0,103.4
8,11,2.7,W,0,102.8
16,3,1.3,SW,0,60.9
7,10,2.2,NE,0,19.6
12,9,6.3,NW,0,74.8
23,7,0,ENE,0,10.4
4,6,0.9,NW,0,25.3
7,6,0,ENE,0,-0.3
4,3,1.3,WNW,0,17.6
9,10,1.8,SW,0,41.1
18,5,0.9,SW,0,108.5
9,9,0,---,0,84.1
6,2,1.8,ENE,0,59.4
21,5,0.9,SE,0,20.6
21,4,2.2,NE,0,44.6
7,3,0,NE,0,-0.7
8,4,0.4,SE,0,9.8
15,5,2.2,NW,0,3.4
6,8,0,---,0,24.3
4,6,0.9,NNW,0,13.8
6,9,2.7,NNW,0,52
19,9,1.3,ENE,0,44.8
9,8,0.4,E,0,13.4
21,9,1.8,N,0,14.8
1,1,1.8,NE,0,32.2
12,3,0,---,0,6.2
22,7,1.8,WSW,0,84.3
10,10,3.1,ENE,0,46.4
18,10,2.2,SSE,0,49.7
18,10,1.8,SSE,0,91.1
22,1,0,SE,0,21.8
21,7,1.3,NE,0,11.8
4,12,2.7,E,0,12.3
1,3,1.3,NNW,0,6.7
5,6,1.3,NNW,0,107.8
15,8,1.8,WSW,0,74.1
17,3,0,---,0,2.9
12,1,0.9,ENE,0,1.1
8,9,4.5,NNW,0,76.1
1,10,3.1,NE,0,81.5
23,1,2.2,SSE,0,53.7
14,11,1.8,E,0,13.5
18,3,1.8,SSE,0,16.2
17,11,2.2,SW,0,65.3
8,11,1.3,SSE,0,20.4
18,12,1.3,SW,0,38.5
7,12,3.6,NE,0,34
9,7,1.8,E,0,31.1
23,3,0.9,SW,0,79.6
12,3,2.2,SSE,0,56.9
7,11,1.3,NW,0,24.6
16,5,2.2,NW,0,4.1
3,3,1.3,SW,0,81.6
5,1,1.8,E,0,87.6
17,3,0,---,0,2.9
7,11,0.4,NW,0,34.3
16,10,2.7,SSE,0,41.4
20,11,0,SE,0,-0.3
19,3,0.4,NW,0,1.9
16,12,1.8,SW,0,49.1
20,4,2.7,ENE,0,32.6
21,1,0.4,SSE,0,80.1
19,8,0,SW,0,93.3
6,7,3.1,NNW,0,0.2
21,8,0.4,SW,0,70.5
18,7,0.4,E,0,8.4
20,3,0,---,0,38.4
13,2,0.9,WSW,0,18.5
3,12,0,---,0,86.7
3,10,1.8,SSE,0,71.3
16,4,1.8,SSE,0,3.8
20,11,1.3,S,0,82
2,4,2.7,NE,0,69.7
4,3,2.7,ENE,0,45.8
15,6,4,NW,0,34.9
17,10,2.2,SSE,0,25.8
10,10,0,---,0,73.7
12,5,0.9,E,0,-0.4
0,1,3.1,ENE,0,74.7
13,11,1.8,NNE,0.4,101.5
11,5,0.4,SW,0,8.7
17,6,0,---,0,-0.2
19,3,1.3,S,0,13.6
15,12,2.2,SSE,0,45.3
20,10,1.3,SW,0,66.3
4,1,4.5,ENE,0,80
20,10,0.9,SE,0,14
2,1,3.6,ENE,0,89.8
14,2,2.7,SE,0,35.5
9,8,3.6,NNW,0,51.7
13,1,1.8,SSE,0,32.4
8,10,0.4,NE,0,31.2
23,9,2.7,NE,0,61.5
1,11,1.3,ENE,0,7.5
23,10,0.4,E,0,16
22,6,0,---,0,71.6
9,10,2.7,SSE,0,35.1
21,1,2.7,SE,0,106.5
0,10,2.2,NE,0,63.3
1,7,2.7,WSW,0,76.3
17,8,0.9,WSW,0,30.7
2,2,1.3,E,0,72.7
5,10,2.7,ENE,0,42.5
16,10,2.7,SSE,0,61.7
18,8,0.4,WSW,0,0
1,1,0.9,E,0,81.7
12,5,5.4,W,0,103.8
10,6,0,---,0,9.8
10,10,1.3,ENE,0,3.4
5,5,2.2,NW,0,70.4
4,12,4.5,NE,0,105.2
7,1,0.4,NW,0,14.1
4,11,0.4,SSE,0,22.4
18,10,1.3,SW,0,53.8
15,8,0.4,WSW,0,4.9
2,10,2.7,NNE,0,40.4
17,10,0.9,ENE,0,10.6
19,12,0.4,S,0,21.1
20,11,0.4,SSE,0,18.8
17,6,0,W,0,10.2
16,11,1.3,SW,0,5.4
13,11,2.2,SW,0.8,53.9
11,8,2.2,NNW,0,9.8
22,11,0.4,ENE,0,1.2
19,1,0,---,0,-1.2
2,6,0.9,E,0,3.6
5,8,0.4,WSW,0,0
23,5,0,WSW,0,41.3
21,3,0.9,SE,0,40.1
22,5,0.9,ENE,0,-0.4
4,12,3.6,NE,0,84.7
15,12,3.1,WSW,0,34.2
9,6,1.8,E,0,46.2
19,3,0,---,0,22.9
23,5,2.7,NE,0,54.5
20,5,3.6,W,0,64
23,6,0.4,SE,0,53
0,4,0.9,WSW,0,25.4
15,8,2.2,SW,0,85.6
22,2,1.3,SSE,0,29.9
15,6,2.2,N,0,71
21,12,2.7,SSE,0,77.1
10,11,3.6,NW,0,42.2
8,4,0,WNW,0,-0.2
14,11,0,---,0,2.2
21,2,0,---,0,31.5
1,5,4.9,ENE,0,81
11,9,1.8,SW,0,59
16,2,1.3,SSE,0,2
18,3,2.7,SW,0,94.8
8,1,1.8,SSE,0,45.1
5,5,3.6,WSW,0,108.7
20,1,2.7,SSE,0,50.2
19,9,1.8,N,0,46.1
1,4,0.4,ESE,0,51.8
22,4,1.8,NNW,0,24.5
3,3,0,---,0,-0.8
6,1,0.9,SE,0,12.7
15,3,0,---,0,12.4
7,7,0,W,0,70
13,5,1.8,W,0,61
9,12,0.4,NE,0,2.6
17,7,2.2,E,0,76.5
17,6,4,NW,0,69.5
6,11,2.2,NW,0,41.8
20,2,0.9,SW,0,100
15,12,7.2,WNW,0,75.7
3,2,0,SE,0,39.9
4,1,2.7,N,0,87.7
19,4,0.4,E,0,39.5
8,4,0.4,SSE,0,22.3
16,5,0.4,WSW,0,10.4
13,1,1.3,SE,0,4.7
12,2,0,---,0,70.4
23,4,1.3,ENE,0,46.2
17,8,1.8,SW,0,108.8
20,11,1.3,SSE,0,34.7
16,12,0.9,E,0,12.4
16,4,0.9,W,0,0.4
15,3,1.8,WSW,0,4.7
23,3,0.9,NNE,0,10.7
23,8,2.2,WSW,0,108.8
9,2,3.6,NNW,0,24.7
14,12,1.8,SW,0,33.8
2,1,0.9,E,0,93.3
0,10,0,---,0,74.3
23,8,1.8,SW,0,108.8
2,6,0.4,S,0,64.4
9,11,2.2,SSE,0,43
6,4,0.4,SSE,0,46.8
11,2,3.6,SSE,0,81.2
3,12,2.7,E,0,37.6
3,6,0.9,E,0,13
16,11,1.3,SSE,0,29.5
16,6,1.8,WNW,0,31.6
21,4,2.2,E,0,69.9
22,2,0,S,0,12.9
1,2,1.8,E,0,56
7,3,0.4,S,0,76.6
23,6,0.9,NNW,0,5.1
13,3,0,---,0,9.1
19,8,0,NE,0,-0.4
21,12,2.7,SE,0,102.5
8,1,1.3,E,0,17.6
14,8,2.2,SW,0,71.6
2,5,0,SSE,0,10.3
12,12,6.7,WNW,0,90
13,3,1.3,SE,0,9.9
12,12,0.9,WSW,0,-0.4
12,3,0,---,0,3.3
21,5,1.8,ENE,0,31.1
4,4,0.4,S,0,52.1
16,2,2.7,SW,0,109
19,7,4.9,NNW,0,74
7,5,1.8,NNW,0,29.9
0,7,0,---,0,5.6
17,3,1.3,SW,0,51.8
8,3,0,---,0,30.7
7,3,0,E,0,9.7
3,2,3.1,ENE,0,42.3
20,12,2.2,E,0,77.6
7,4,1.3,NNW,0,23.1
12,8,5.4,NW,0,90.7
8,4,2.2,E,0,16.3
9,1,2.2,ENE,0,18.9
7,8,2.7,NNW,0,43.2
7,9,3.6,NNW,0,75.8
19,4,1.8,NE,0,37.5
17,8,2.7,SW,0,108.7
17,1,0.9,NW,0,0.3
10,1,3.6,ENE,0,59
13,10,0.9,NE,0,-0.5
10,8,1.3,SW,0,40.6
5,6,3.1,NE,0,70.2
22,6,0,NE,0,0.9
0,5,2.7,NE,0,70.5
14,3,1.3,WNW,0,-0.5
1,5,4,NW,0,83
20,3,1.3,SW,0,76.2
16,3,1.8,SSE,0,48.8
7,12,5.4,NE,0,99.7
14,1,1.3,WNW,0,3.1
19,12,3.1,SSE,0,94.7
2,12,0.9,E,0,36.4
16,12,1.3,E,0,56.8
11,4,0.9,SE,0,0.9
1,11,2.7,NE,0,34.2
23,7,1.8,NNW,0,30.3
10,8,1.8,SW,0,70.3
22,7,1.3,SW,0,97.1
17,6,0.9,ENE,0,7.8
20,9,2.2,ENE,0,42.4
19,11,2.2,SSE,0,72.8
3,12,0,---,0,31.6
10,11,1.8,SSE,0,68.1
7,1,3.6,ENE,0,46.7
14,12,6.3,WNW,0,86.5
22,8,0,WSW,0,57.6
5,2,2.2,NNE,0,74.6
19,9,1.3,ENE,0,44.8
11,11,0.9,NW,0,2.1
4,1,3.1,NW,0,64.4
9,2,0.4,NNW,0,-0.8
21,8,0,---,0,35